"GUID","Status","Provider status","Type","Target group","Provider","Started","Status updated",""
"9dd8bf73-38ba-ad87-86be-8bf319b742e9","Complete","Complete","Live","SE 18-80 NAT REP W9 V3","Cint","2024-02-27 08:35:22","2024-02-27 08:45:26",""
"c9b5fc1c-49aa-6e8c-a5d1-c89e5345c2c9","Complete","Complete","Live","SE 18-80 NAT REP W9 V2","Cint","2024-02-26 14:24:01","2024-02-26 14:35:24",""
"8afd1206-99a1-a9c9-edcb-26d6b91022db","Complete","Complete","Live","SE 18-80 NAT REP W9 V2","Cint","2024-02-26 14:21:57","2024-02-26 14:30:39",""
"0364851f-0258-3620-74d2-b14f4094b984","Complete","Complete","Live","SE 18-80 NAT REP W9 V2","Cint","2024-02-26 14:20:15","2024-02-26 14:30:39",""
"552de8fb-0314-5a32-3d36-dc0624da2863","Complete","Complete","Live","SE 18-80 NAT REP W9 V2","Cint","2024-02-26 14:20:02","2024-02-26 14:25:33",""
"4c4c098e-512f-de43-5c43-3d67f17b9d5f","Complete","Complete","Live","SE 18-80 NAT REP W9 V2","Cint","2024-02-26 14:18:40","2024-02-26 14:25:33",""
"c11b7691-8d55-a59a-0b5c-4230c61db557","Complete","Complete","Live","SE 18-80 NAT REP W9 V2","Cint","2024-02-26 14:17:53","2024-02-26 14:25:33",""
"202be722-5217-297b-3bef-d30089f5dff2","Complete","Complete","Live","SE 18-80 NAT REP W9 V2","Cint","2024-02-26 14:16:54","2024-02-26 14:25:33",""
"53beaee5-5c6e-6992-ae28-9a95a855ef35","TimedOut","TimedOut","Live","SE 18-80 NAT REP W9 V2","Cint","2024-02-26 14:16:33","2024-02-26 15:50:27",""
"871cec3d-0505-2d6d-0cf0-d83767fec8cb","Complete","Complete","Live","SE 18-80 NAT REP W9 V2","Cint","2024-02-26 14:16:08","2024-02-26 14:20:15",""
"737f3644-9f1d-f4f1-6f89-025446642394","Complete","Complete","Live","SE 18-80 NAT REP W9 V2","Cint","2024-02-26 14:15:46","2024-02-26 14:25:33",""
"475d6b7f-1d4b-a999-4db2-5f763534a1a3","Complete","Complete","Live","SE 18-80 NAT REP W9 V2","Cint","2024-02-26 14:15:39","2024-02-26 14:20:27",""
"d5eebc1a-a5e7-41c3-fed7-88c574d915f8","TimedOut","New","Live","SE 18-80 NAT REP W9 V2","Cint","2024-02-26 14:15:28","2024-02-26 15:50:26",""
"e588df15-2d0b-2266-98d8-eba31a3210c9","Complete","Complete","Live","SE 18-80 NAT REP W9 V2","Cint","2024-02-26 14:15:22","2024-02-26 14:25:33",""
"3f908252-c344-7f05-809f-b6bbc47972c7","Complete","Complete","Live","SE 18-80 NAT REP W9 V2","Cint","2024-02-26 14:15:21","2024-02-26 14:25:33",""
"3a45d90b-5e75-2cf6-55c6-ed6e33136f98","Complete","Complete","Live","SE 18-80 NAT REP W9 V2","Cint","2024-02-26 14:15:01","2024-02-26 14:25:33",""
"a71e910f-0c6e-65d4-0ec2-a535c06a3fff","Complete","Complete","Live","SE 18-80 NAT REP W9 V2","Cint","2024-02-26 14:14:52","2024-02-26 14:30:39",""
"a8d8d47a-20d5-23d3-c8b7-e0f351fdace8","Complete","Complete","Live","SE 18-80 NAT REP W9 V2","Cint","2024-02-26 14:14:43","2024-02-26 14:20:27",""
"4dd1a659-97e7-5137-c194-92faefce2fc1","Complete","Complete","Live","SE 18-80 NAT REP W9 V2","Cint","2024-02-26 14:14:35","2024-02-26 14:20:27",""
"9f8a3142-c3f6-c645-9a8f-05a194c36e94","Complete","Complete","Live","SE 18-80 NAT REP W9 V2","Cint","2024-02-26 14:14:35","2024-02-26 14:20:27",""
"994b3143-377f-c085-5b8e-0560cb5ebb9d","Complete","Complete","Live","SE 18-80 NAT REP W9 V2","Cint","2024-02-26 14:14:24","2024-02-26 14:25:33",""
"dab3931f-e221-7f44-a3d2-a798ed2d5f83","Complete","Complete","Live","SE 18-80 NAT REP W9 V2","Cint","2024-02-26 14:13:50","2024-02-26 14:25:33",""
"1a903ff9-327c-6d70-9e34-0bbba335183c","Complete","Complete","Live","SE 18-80 NAT REP W9","Cint","2024-02-26 08:32:51","2024-02-26 08:40:39",""
"2bd2dd40-e0f3-a807-dc8d-e9f9d816ead3","TimedOut","TimedOut","Live","SE 18-80 NAT REP W9","Cint","2024-02-26 08:31:41","2024-02-26 09:50:49",""
"5fb5a1f0-8021-d756-bb3d-959e8b8a9230","Complete","Complete","Live","SE 18-80 NAT REP W9","Cint","2024-02-26 08:31:18","2024-02-26 08:55:34",""
"e1ef8cae-027b-e378-e163-b8c445f79045","Complete","Complete","Live","SE 18-80 NAT REP W9","Cint","2024-02-26 08:31:04","2024-02-26 08:40:39",""
"f345d7e7-a52c-57a2-4c2a-e36e3a940f05","Complete","Complete","Live","SE 18-80 NAT REP W9","Cint","2024-02-26 08:29:56","2024-02-26 08:40:39",""
"602e6b71-1676-d71f-27bc-5f05d80e0d87","Complete","Complete","Live","SE 18-80 NAT REP W9","Cint","2024-02-26 08:29:47","2024-02-26 08:45:50",""
"ba612fa0-1315-92c8-686d-1b4a02a89938","Complete","Complete","Live","SE 18-80 NAT REP W9","Cint","2024-02-26 08:29:46","2024-02-26 08:40:39",""
"609d4065-0075-f4cc-94a8-74b685c2d2fd","Complete","Complete","Live","SE 18-80 NAT REP W9","Cint","2024-02-26 08:29:04","2024-02-26 08:35:55",""
"292e3e5c-6c50-8471-2791-0a0508f7c6ce","Complete","Complete","Live","SE 18-80 NAT REP W9","Cint","2024-02-26 08:29:03","2024-02-26 08:35:55",""
"ac3542ec-e59c-f568-3c21-761e2c582f78","Complete","Complete","Live","SE 18-80 NAT REP W9","Cint","2024-02-26 08:28:52","2024-02-26 08:40:39",""
"0c7e1e71-5b08-a8e1-77bc-2a55967b4e89","Complete","Complete","Live","SE 18-80 NAT REP W9","Cint","2024-02-26 08:28:46","2024-02-26 08:35:55",""
"98ac6c00-96c7-da0c-a5cd-5887006d8cf2","Complete","Complete","Live","SE 18-80 NAT REP W9","Cint","2024-02-26 08:28:40","2024-02-26 08:35:55",""
"5cab3cdb-273e-8c0d-a216-08806856f448","Complete","Complete","Live","SE 18-80 NAT REP W9","Cint","2024-02-26 08:28:34","2024-02-26 08:40:39",""
"7c4c948e-5ffa-24f6-4543-a067745a956f","Complete","Complete","Live","SE 18-80 NAT REP W9","Cint","2024-02-26 08:28:31","2024-02-26 08:40:39",""
"9fb1ff08-9b14-4d9c-b8c5-cb9a89ba8195","TimedOut","New","Live","SE 18-80 NAT REP W9","Cint","2024-02-26 08:28:27","2024-02-26 09:50:48",""
"e67753b1-71a6-fc74-7e7c-675ca36ea323","Complete","Complete","Live","SE 18-80 NAT REP W9","Cint","2024-02-26 08:28:25","2024-02-26 08:35:55",""
"b441e4af-2e76-4bbd-4862-d06ad43abc3d","Complete","Complete","Live","SE 18-80 NAT REP W9","Cint","2024-02-26 08:28:24","2024-02-26 08:55:34",""
"568480d0-255d-2fd5-8d1d-b4afd3940f42","Complete","Complete","Live","SE 18-80 NAT REP W9","Cint","2024-02-26 08:28:22","2024-02-26 08:35:55",""
"ddc050d0-2e23-9a48-c91d-64eb3fc2bc43","Complete","Complete","Live","SE 18-80 NAT REP W9","Cint","2024-02-26 08:28:04","2024-02-26 08:35:55",""
"d00b5b77-b198-9190-02ba-6f20bb5eabe4","TimedOut","New","Live","SE 18-80 NAT REP W9","Cint","2024-02-26 08:28:01","2024-02-26 09:50:48",""
"35d1974b-5bda-5dab-d886-a3fa5def80dd","Complete","Complete","Live","SE 18-80 NAT REP W9","Cint","2024-02-26 08:27:59","2024-02-26 08:35:55",""
"cf33a806-7c0c-6265-3acb-9c18e04aaee5","TimedOut","TimedOut","Live","SE 18-80 NAT REP W9","Cint","2024-02-26 08:27:57","2024-02-26 09:50:49",""
"231d5973-a2bd-9c97-14be-6d36837bb0e1","QualityTerminate","QualityTerminate","Live","SE 18-80 NAT REP W9","Cint","2024-02-26 08:27:56","2024-02-26 08:30:23",""
"5a4f3d92-5d5a-f8d2-465f-0964969d9701","Complete","Complete","Live","SE 18-80 NAT REP W9","Cint","2024-02-26 08:27:54","2024-02-26 08:45:50",""
"29d06826-d02b-ac8c-d9eb-5cfbf9ecfab2","Complete","Complete","Live","SE 18-80 NAT REP W9","Cint","2024-02-26 08:27:53","2024-02-26 08:40:39",""
"69903472-96c1-f026-99bf-00bbcf2144ef","QualityTerminate","QualityTerminate","Live","SE 18-80 NAT REP W9","Cint","2024-02-26 08:27:48","2024-02-26 08:30:22",""
"cfdfc9fd-39ff-0d07-d630-fdf4b99aaa6f","Complete","Complete","Live","SE 18-80 NAT REP W9","Cint","2024-02-26 08:27:48","2024-02-26 08:35:55",""
"1f4d8ba3-3c7b-4ffe-446e-bf66fe83b645","Complete","Complete","Live","SE 18-80 NAT REP W9","Cint","2024-02-26 08:27:48","2024-02-26 08:40:39",""
"9ab64e4c-84e2-8a8f-bf81-7a9dd5928ed6","Complete","Complete","Live","SE 18-80 NAT REP W9","Cint","2024-02-26 08:27:46","2024-02-26 08:35:55",""
"df98d8b0-f42c-1f08-917d-ecb31dcc6622","TimedOut","New","Live","SE 18-80 NAT REP W9","Cint","2024-02-26 08:27:46","2024-02-26 09:50:48",""
"99a5899b-e374-4e3b-ac56-bd8e7984310e","Complete","Complete","Live","SE 18-80 NAT REP W9","Cint","2024-02-26 08:27:45","2024-02-26 08:40:39",""
"641c2a4f-028b-ede1-1582-1e37b8f3d0a8","QualityTerminate","QualityTerminate","Live","SE 18-80 NAT REP W9","Cint","2024-02-26 08:27:43","2024-02-26 14:12:32",""
"36ba67a5-352f-a06d-b368-53916c14e43c","Complete","Complete","Live","SE 18-80 NAT REP W9","Cint","2024-02-26 08:27:41","2024-02-26 08:35:55",""
"2902ce0e-d5c8-093d-0bc3-fa29768c049a","Complete","Complete","Live","SE 18-80 NAT REP W9","Cint","2024-02-26 08:27:41","2024-02-26 08:35:55",""
"990ab4b2-849f-7399-037f-8021ceeb5720","Complete","Complete","Live","SE 18-80 NAT REP W9","Cint","2024-02-26 08:27:40","2024-02-26 08:35:55",""
"04edae9e-989a-6969-e453-9ac607f90d0c","Complete","Complete","Live","SE 18-80 NAT REP W9","Cint","2024-02-26 08:27:40","2024-02-26 08:40:39",""
"423cd3a0-f160-1466-356d-e7170005237d","QualityTerminate","QualityTerminate","Live","SE 18-80 NAT REP W9","Cint","2024-02-26 08:27:38","2024-02-26 14:12:30",""
"117e7c70-f696-bb4d-77bd-485558622ce2","Complete","Complete","Live","SE 18-80 NAT REP W9","Cint","2024-02-26 08:27:37","2024-02-26 08:40:39",""
"ea4f4225-2e02-853f-46e8-76648a39bbd6","TimedOut","New","Live","SE 18-80 NAT REP W9","Cint","2024-02-26 08:27:37","2024-02-26 09:50:48",""
"d25b09e3-668c-cb54-522e-3d70e1b17413","Complete","Complete","Live","SE 18-80 NAT REP W9","Cint","2024-02-26 08:27:34","2024-02-26 08:35:55",""
"e99adabc-b46d-1806-9371-eeb11d0ca620","Complete","Complete","Live","SE 18-80 NAT REP W9","Cint","2024-02-26 08:27:32","2024-02-26 08:35:55",""
"8566d42a-354c-168d-6fe7-e04dae72ffbf","Complete","Complete","Live","SE 18-80 NAT REP W9","Cint","2024-02-26 08:27:31","2024-02-26 08:35:55",""
"d4c44e55-bacc-8c97-cd98-7aef98f228c9","Complete","Complete","Live","SE 18-80 NAT REP W9","Cint","2024-02-26 08:27:30","2024-02-27 03:30:35",""
"d1dc0555-a22e-c70b-d598-31f7635031c6","Complete","Complete","Live","SE 18-80 NAT REP W9","Cint","2024-02-26 08:27:28","2024-02-26 09:06:00",""
"94886420-3f6d-a617-81ed-50a32f532eb3","QualityTerminate","QualityTerminate","Live","SE 18-80 NAT REP W9","Cint","2024-02-26 08:27:26","2024-02-26 08:30:22",""
"52275262-f420-afdb-2eaf-660c67de3efb","TimedOut","New","Live","SE 18-80 NAT REP W9","Cint","2024-02-26 08:27:22","2024-02-26 09:50:48",""
"d7e065a8-36a9-9a79-e965-51cb8e91e478","QualityTerminate","QualityTerminate","Live","SE 18-80 NAT REP W9","Cint","2024-02-26 08:27:11","2024-02-26 14:12:30",""
"a2325e0d-8dba-a34f-3bc0-6a196a439f9f","Complete","Complete","Live","SE 18-80 NAT REP W9","Cint","2024-02-26 08:27:08","2024-02-26 08:35:55",""
"e98269b3-45fc-953a-8b7e-5da970c39729","Complete","Complete","Live","SE 18-80 NAT REP W9","Cint","2024-02-26 08:27:05","2024-02-26 09:50:49",""
"830c79eb-698c-8500-0526-4d271473fb79","Complete","Complete","Live","SE 18-80 NAT REP W9","Cint","2024-02-26 08:27:03","2024-02-26 08:35:55",""
"f6ed5263-c0be-ae1b-e4ae-66c64446d2fc","Complete","Complete","Live","SE 18-80 NAT REP W9","Cint","2024-02-26 08:26:58","2024-02-26 08:35:55",""
"76c77af0-94e6-8555-ce3d-4eec93de5e65","QualityTerminate","QualityTerminate","Live","SE 18-80 NAT REP W9","Cint","2024-02-26 08:26:55","2024-02-26 08:30:21",""
"de61de51-dad8-2182-689c-ea4ae1e3c3c7","Complete","Complete","Live","SE 18-80 NAT REP W9","Cint","2024-02-26 08:26:54","2024-02-26 08:35:55",""
"c462d1a3-cdd0-2e6c-6b6e-e54987e0dc42","Complete","Complete","Live","SE 18-80 NAT REP W9","Cint","2024-02-26 08:26:53","2024-02-26 08:35:55",""
"b138213a-9288-de3a-31f7-1513c3e988af","Complete","Complete","Live","SE 18-80 NAT REP W9","Cint","2024-02-26 08:26:49","2024-02-26 08:40:39",""
"4bc7fcba-5fd6-03e8-ce77-c8ec97b58429","QualityTerminate","QualityTerminate","Live","SE 18-80 NAT REP W9","Cint","2024-02-26 08:26:46","2024-02-26 08:30:21",""
"176ceafc-1095-1428-6531-de47716f8214","TimedOut","New","Live","SE 18-80 NAT REP W9","Cint","2024-02-26 08:26:43","2024-02-26 09:50:48",""
"85b91dac-2ba3-e383-b061-2992ded8e13e","Complete","Complete","Live","SE 18-80 NAT REP W9","Cint","2024-02-26 08:26:43","2024-02-26 08:35:55",""
"e28dbb58-aec4-4520-8495-8fa66a3e84a9","Complete","Complete","Live","SE 18-80 NAT REP W9","Cint","2024-02-26 08:26:43","2024-02-26 08:35:55",""
"80ada079-0912-5eae-a4b4-9486e3601b9e","QualityTerminate","QualityTerminate","Live","SE 18-80 NAT REP W9","Cint","2024-02-26 08:26:42","2024-02-26 08:30:21",""
"836bbcda-0b81-4543-6217-884066fba038","Complete","Complete","Live","SE 18-80 NAT REP W9","Cint","2024-02-26 08:26:37","2024-02-26 08:35:55",""
"3c31b748-4eda-4ece-3885-831ab620dcba","Complete","Complete","Live","SE 18-80 NAT REP W9","Cint","2024-02-26 08:26:35","2024-02-26 08:35:55",""
"4fe90e79-904b-f7f6-e0b4-3ac24c7105ae","Complete","Complete","Live","SE 18-80 NAT REP W9","Cint","2024-02-26 08:26:35","2024-02-26 08:45:50",""
"c3ca2957-470b-d067-c39a-1de1bf7a92c5","Complete","Complete","Live","SE 18-80 NAT REP W9","Cint","2024-02-26 08:26:31","2024-02-26 08:45:50",""
"478a23c5-7f28-dad8-8308-17a12a0bea52","QualityTerminate","QualityTerminate","Live","SE 18-80 NAT REP W9","Cint","2024-02-26 08:26:30","2024-02-26 08:30:21",""
"35eb76e6-21a0-8e4a-e22b-42c0cb99fb7d","QualityTerminate","QualityTerminate","Live","SE 18-80 NAT REP W9","Cint","2024-02-26 08:26:26","2024-02-26 14:12:30",""
"5c050af8-5800-f9c3-0c35-3e2e0b2f8d11","TimedOut","TimedOut","Live","SE 18-80 NAT REP W9","Cint","2024-02-26 08:26:20","2024-02-26 09:50:49",""
"6048a619-29c8-5537-41d4-926358288383","Complete","Complete","Live","SE 18-80 NAT REP W9","Cint","2024-02-26 08:26:19","2024-02-26 08:35:55",""
"889b7567-e27c-80f6-92aa-41b0315a77be","Complete","Complete","Live","SE 18-80 NAT REP W9","Cint","2024-02-26 08:26:18","2024-02-26 08:35:55",""
"f16fdf5a-23e5-2a88-6697-eb4491e0f0c3","Complete","Complete","Live","SE 18-80 NAT REP W9","Cint","2024-02-26 08:26:18","2024-02-26 08:35:55",""
"e8a5118a-62ad-e5c1-ac47-258e2fadb062","Complete","Complete","Live","SE 18-80 NAT REP W9","Cint","2024-02-26 08:26:18","2024-02-26 08:35:55",""
"96645b0c-f017-af44-6dc1-6f4f4e37239a","QualityTerminate","QualityTerminate","Live","SE 18-80 NAT REP W9","Cint","2024-02-26 08:26:17","2024-02-26 08:30:20",""
"a0ba3b21-64bd-cb12-b3ec-0f91ff8db6fb","Complete","Complete","Live","SE 18-80 NAT REP W9","Cint","2024-02-26 08:26:17","2024-02-26 08:35:55",""
"b82e29dd-b50f-dc0a-2710-1d05c3796c3a","Complete","Complete","Live","SE 18-80 NAT REP W9","Cint","2024-02-26 08:26:17","2024-02-26 08:35:55",""
"a8d1c3ff-c211-30f3-d832-f7fab6190869","Complete","Complete","Live","SE 18-80 NAT REP W9","Cint","2024-02-26 08:26:11","2024-02-26 08:35:55",""
"2e60a313-0fe5-4e23-69de-974b94c89e81","Complete","Complete","Live","SE 18-80 NAT REP W9","Cint","2024-02-26 08:26:07","2024-02-26 08:40:39",""
"e4e4f5b1-62f2-1897-ed7c-c1cf8cdcb155","TimedOut","TimedOut","Live","SE 18-80 NAT REP W9","Cint","2024-02-26 08:25:27","2024-02-26 09:50:49",""
"8d8a70e4-1cbb-9865-8329-44a100a8ce3e","QualityTerminate","QualityTerminate","Live","SE 18-80 NAT REP W9","Cint","2024-02-26 08:25:14","2024-02-26 14:12:32",""
"eb34172c-f02d-feb1-3de1-231f063f23e3","Complete","Complete","Live","SE 18-80 NAT REP W9","Cint","2024-02-26 08:25:11","2024-02-26 08:35:55",""
"564a2aef-0715-c33a-4322-1e61371ed233","Complete","Complete","Live","SE 18-80 NAT REP W9","Cint","2024-02-26 08:25:08","2024-02-26 08:35:55",""
"5dd3893c-a98f-60f3-daf1-bdf826a532a4","Complete","Complete","Live","SE 18-80 NAT REP W9","Cint","2024-02-26 08:25:07","2024-02-26 08:30:46",""
"2680d955-03c5-31f4-8998-edab87d02a8d","Complete","Complete","Live","SE 18-80 NAT REP W9","Cint","2024-02-26 08:24:59","2024-02-26 08:30:46",""
"519d9d03-56f3-75c2-94ce-a9b6101a8c90","Complete","Complete","Live","SE 18-80 NAT REP W9","Cint","2024-02-26 08:24:58","2024-02-26 08:30:46",""
"e072fa48-ce66-1236-7b85-ce596a72dc90","Complete","Complete","Live","SE 18-80 NAT REP W9","Cint","2024-02-26 08:24:56","2024-02-26 10:25:37",""
"81fb5994-5572-b1e4-f259-6dd03b624601","Complete","Complete","Live","SE 18-80 NAT REP W9","Cint","2024-02-26 08:24:56","2024-02-26 08:30:46",""
"37b64deb-fc9d-a6c5-bf26-799d459a2671","Complete","Complete","Live","SE 18-80 NAT REP W9","Cint","2024-02-26 08:24:45","2024-02-26 08:30:46",""
"b2e9245b-0f68-cedd-e096-10c2027f9cc9","Complete","Complete","Live","SE 18-80 NAT REP W9","Cint","2024-02-26 08:24:43","2024-02-26 08:35:55",""
"2ea495e8-2080-7f7f-ad25-a18fd585f376","Complete","Complete","Live","SE 18-80 NAT REP W9","Cint","2024-02-26 08:24:43","2024-02-26 08:30:46",""
"6d1c3b2f-b0e6-de58-15e2-0f377ef0a2bd","Complete","Complete","Live","SE 18-80 NAT REP W9","Cint","2024-02-26 08:24:38","2024-02-26 08:30:46",""
"c9718f53-3301-6ad2-789e-bb5ad81499c1","QualityTerminate","QualityTerminate","Live","SE 18-80 NAT REP W9","Cint","2024-02-26 08:24:38","2024-02-26 14:12:30",""
"7fc47f9d-276e-9a5d-cd50-4bef3f698e0f","TimedOut","TimedOut","Live","SE 18-80 NAT REP W9","Cint","2024-02-26 08:24:37","2024-02-26 09:50:49",""
"1ac38c4b-1ada-698f-ca86-b8e85cdccfdd","Complete","Complete","Live","SE 18-80 NAT REP W9","Cint","2024-02-26 08:24:36","2024-02-26 08:30:46",""
"ce251324-aa6c-f64f-2ce9-270ed97b7bb6","QualityTerminate","QualityTerminate","Live","SE 18-80 NAT REP W9","Cint","2024-02-26 08:24:34","2024-02-26 14:12:31",""
"297f8535-99c8-6261-76f8-b154f1d90aa7","TimedOut","TimedOut","Live","SE 18-80 NAT REP W9","Cint","2024-02-26 08:24:32","2024-02-26 09:50:49",""
"b7d45b23-f563-bdb0-ddee-6fffa879e0f7","Complete","Complete","Live","SE 18-80 NAT REP W9","Cint","2024-02-26 08:24:25","2024-02-26 08:35:55",""
"8a104659-cdaf-a0c7-1994-723b66b61fbd","TimedOut","TimedOut","Live","SE 18-80 NAT REP W9","Cint","2024-02-26 08:24:22","2024-02-26 09:50:49",""
"871adde8-e3ae-3b16-1325-e9310bab767b","QualityTerminate","QualityTerminate","Live","SE 18-80 NAT REP W9","Cint","2024-02-26 08:24:21","2024-02-26 14:12:31",""
"a51b5204-9bb3-b3a3-12c9-663086a8b190","Complete","Complete","Live","SE 18-80 NAT REP W9","Cint","2024-02-26 08:24:14","2024-02-26 08:30:46",""
"06904f7a-b4e2-a933-99b7-7bbbd3f0a6e2","Complete","Complete","Live","SE 18-80 NAT REP W9","Cint","2024-02-26 08:24:11","2024-02-26 08:30:46",""
"b976e68b-3c85-0741-7f46-d25dff9fe719","Complete","Complete","Live","SE 18-80 NAT REP W9","Cint","2024-02-26 08:24:05","2024-02-26 08:30:46",""
"354b43d0-01da-a2d7-421d-77603ec1db33","QualityTerminate","QualityTerminate","Live","SE 18-80 NAT REP W9","Cint","2024-02-26 08:24:05","2024-02-26 14:12:31",""
"61e5ea98-de9b-0bd9-ec55-deceac80c700","Complete","Complete","Live","SE 18-80 NAT REP W9","Cint","2024-02-26 08:24:03","2024-02-26 08:40:39",""
"f7193190-b724-d0f8-105d-05321527a464","Complete","Complete","Live","SE 18-80 NAT REP W9","Cint","2024-02-26 08:24:01","2024-02-26 08:30:46",""
"bf1599fe-9b3c-79f3-1c33-ad3ec65f4969","QualityTerminate","QualityTerminate","Live","SE 18-80 NAT REP W9","Cint","2024-02-26 08:23:58","2024-02-26 08:25:24",""
"d8339164-7fb5-72d9-3aa9-a51819a9acfd","Complete","Complete","Live","SE 18-80 NAT REP W9","Cint","2024-02-26 08:23:52","2024-02-26 08:30:46",""
"69b0f1b1-9fab-1206-b97c-c59baab38e47","Complete","Complete","Live","SE 18-80 NAT REP W9","Cint","2024-02-26 08:23:52","2024-02-26 08:30:46",""
"b1275694-a823-b5ea-2e59-620c213e7906","Complete","Complete","Live","SE 18-80 NAT REP W9","Cint","2024-02-26 08:23:51","2024-02-26 09:50:49",""
"ce9f0271-6cdf-1ec2-96bc-36b4f1c7e6e2","Complete","Complete","Live","SE 18-80 NAT REP W9","Cint","2024-02-26 08:23:35","2024-02-26 08:30:46",""
"322be2b3-92b3-85ec-f57c-d600992a586c","Complete","Complete","Live","SE 18-80 NAT REP W8 V3","Cint","2024-02-21 09:04:08","2024-02-21 10:10:22",""
"04180647-1101-9712-c188-32333193fb9b","Complete","Complete","Live","SE 18-80 NAT REP W8 V3","Cint","2024-02-21 09:01:51","2024-02-21 10:10:22",""
"dd732e78-c202-9f16-aab7-1a583daf38a2","Complete","Complete","Live","SE 18-80 NAT REP W8 V3","Cint","2024-02-21 08:58:25","2024-02-21 10:10:22",""
"537798f2-3925-37ff-ae3d-ac5cea6cdb69","QualityTerminate","QualityTerminate","Live","SE 18-80 NAT REP W8 V3","Cint","2024-02-21 08:57:56","2024-02-21 10:10:22",""
"8d0612a4-4e8b-b7aa-df6b-262d35dca451","Complete","Complete","Live","SE 18-80 NAT REP W8 V3","Cint","2024-02-21 08:57:20","2024-02-21 10:10:22",""
"e742c69d-28a3-6031-9b52-f2695b02c241","Complete","Complete","Live","SE 18-80 NAT REP W8 V3","Cint","2024-02-21 08:56:56","2024-02-21 10:10:22",""
"e1e1b4e0-d159-12d6-382f-80cab1882b22","Complete","Complete","Live","SE 18-80 NAT REP W8 V3","Cint","2024-02-21 08:56:48","2024-02-21 10:10:22",""
"6f39f33b-d794-5229-e0f4-c712713635a3","Complete","Complete","Live","SE 18-80 NAT REP W8 V3","Cint","2024-02-21 08:56:37","2024-02-21 10:10:22",""
"b7a7f647-41f7-56ce-7e88-c28c32aca2d3","Complete","Complete","Live","SE 18-80 NAT REP W8 V3","Cint","2024-02-21 08:56:30","2024-02-21 10:10:22",""
"9bf10e9c-7857-ae48-2853-3adaad8c926d","Complete","Complete","Live","SE 18-80 NAT REP W8 V3","Cint","2024-02-21 08:56:27","2024-02-21 10:10:22",""
"bee5c17b-1640-5ce5-7eb4-f5ce4ede2e86","TimedOut","TimedOut","Live","SE 18-80 NAT REP W8 V2","Cint","2024-02-20 11:36:32","2024-02-20 12:50:34",""
"7f525060-8f20-acd1-c9af-647986d1cbf2","TimedOut","TimedOut","Live","SE 18-80 NAT REP W8 V2","Cint","2024-02-20 11:30:27","2024-02-20 12:50:34",""
"6d8f08bb-3a75-3990-1474-3ca40a36bd2e","Complete","Complete","Live","SE 18-80 NAT REP W8 V2","Cint","2024-02-20 11:25:58","2024-02-20 11:35:24",""
"73ea1aac-a942-529f-7163-2ec10cf68e5c","Complete","Complete","Live","SE 18-80 NAT REP W8 V2","Cint","2024-02-20 11:22:14","2024-02-20 11:30:26",""
"4a2b1620-079e-53b9-b0ef-2200e328a2d8","Complete","Complete","Live","SE 18-80 NAT REP W8 V2","Cint","2024-02-20 11:21:53","2024-02-20 11:30:26",""
"88cf5c3c-13ae-396e-54f3-68e4562b56a4","QualityTerminate","QualityTerminate","Live","SE 18-80 NAT REP W8 V2","Cint","2024-02-20 11:21:26","2024-02-21 08:55:22",""
"9a808adf-8af8-ec2d-1b10-beab06632348","Complete","Complete","Live","SE 18-80 NAT REP W8 V2","Cint","2024-02-20 11:21:22","2024-02-20 11:30:26",""
"5d6bff7a-8cad-9f43-f0b5-cb400c34ab99","Complete","Complete","Live","SE 18-80 NAT REP W8 V2","Cint","2024-02-20 11:21:21","2024-02-20 11:25:15",""
"b8f49e2a-a5af-fdee-6fe5-aadffc32e2c8","Complete","Complete","Live","SE 18-80 NAT REP W8 V2","Cint","2024-02-20 11:21:06","2024-02-20 11:25:15",""
"8a10b1ec-2d29-d290-8b23-853b86b5aa7f","Complete","Complete","Live","SE 18-80 NAT REP W8 V2","Cint","2024-02-20 11:21:01","2024-02-20 11:30:26",""
"414c9c22-4e4a-ff2d-d7ed-a8677acaf7b1","TimedOut","New","Live","SE 18-80 NAT REP W8 V2","Cint","2024-02-20 11:21:00","2024-02-20 12:50:33",""
"53dc6af4-2115-09a1-473b-5ef7a6842666","TimedOut","New","Live","SE 18-80 NAT REP W8 V2","Cint","2024-02-20 11:20:57","2024-02-20 12:50:33",""
"06287213-97e7-edd7-b2dc-4603407f10fd","Complete","Complete","Live","SE 18-80 NAT REP W8 V2","Cint","2024-02-20 11:20:54","2024-02-20 11:30:26",""
"dbe5ccca-ff63-ae6f-7e05-f8ce3af2b620","TimedOut","TimedOut","Live","SE 18-80 NAT REP W8 V2","Cint","2024-02-20 11:20:53","2024-02-20 12:50:34",""
"e2283643-2cde-a8c6-b28c-0203e35c89db","TimedOut","TimedOut","Live","SE 18-80 NAT REP W8 V2","Cint","2024-02-20 11:20:49","2024-02-20 12:50:34",""
"4162f96e-d335-67ea-f8a1-cd4977ae54f5","TimedOut","New","Live","SE 18-80 NAT REP W8 V2","Cint","2024-02-20 11:20:49","2024-02-20 12:50:33",""
"a7366361-e32c-fda4-acae-571de2b6a4f2","Complete","Complete","Live","SE 18-80 NAT REP W8 V2","Cint","2024-02-20 11:20:48","2024-02-20 11:40:26",""
"6c472da6-94a5-b49c-dd69-196c2a20d345","Complete","Complete","Live","SE 18-80 NAT REP W8 V2","Cint","2024-02-20 11:20:36","2024-02-20 11:30:26",""
"6b414daf-2877-caf2-db60-796a5acc0f4c","Complete","Complete","Live","SE 18-80 NAT REP W8 V2","Cint","2024-02-20 11:20:34","2024-02-20 11:30:26",""
"999a1ef0-642d-8789-003f-2ab19cbf6568","TimedOut","TimedOut","Live","SE 18-80 NAT REP W8 V2","Cint","2024-02-20 11:20:29","2024-02-20 12:50:34",""
"21eb1ce8-109d-8454-7127-28c0ef0e170f","QualityTerminate","QualityTerminate","Live","SE 18-80 NAT REP W8 V2","Cint","2024-02-20 11:20:26","2024-02-20 11:25:15",""
"10908cf4-5424-1707-0a3b-b8bb8fa07129","QualityTerminate","QualityTerminate","Live","SE 18-80 NAT REP W8 V2","Cint","2024-02-20 11:20:12","2024-02-21 08:55:22",""
"25d8f35d-7953-688b-4292-c7f347c7de8b","Complete","Complete","Live","SE 18-80 NAT REP W8 V2","Cint","2024-02-20 11:20:11","2024-02-20 11:30:26",""
"9b7a09a9-a753-92cd-e066-3d517fb4e03b","Complete","Complete","Live","SE 18-80 NAT REP W8 V2","Cint","2024-02-20 11:20:10","2024-02-20 11:40:26",""
"e02be4a7-1655-7fb2-b168-d00095c1913f","Complete","Complete","Live","SE 18-80 NAT REP W8 V2","Cint","2024-02-20 11:20:07","2024-02-20 11:25:23",""
"ba127bb9-7794-e12f-8876-4f394e0d5020","Complete","Complete","Live","SE 18-80 NAT REP W8 V2","Cint","2024-02-20 11:19:57","2024-02-20 11:40:26",""
"326628aa-cb35-a222-fc65-1c4d26436d3d","Complete","Complete","Live","SE 18-80 NAT REP W8 V2","Cint","2024-02-20 11:19:17","2024-02-20 11:25:23",""
"174387fb-01fe-063c-d934-b3685c453866","Complete","Complete","Live","SE 18-80 NAT REP W8 V2","Cint","2024-02-20 11:18:56","2024-02-20 11:30:26",""
"d90f4596-eb36-c664-9559-7124418ece77","QualityTerminate","QualityTerminate","Live","SE 18-80 NAT REP W8 V2","Cint","2024-02-20 11:18:48","2024-02-21 08:55:22",""
"01fd4699-ed30-c674-6756-72d63890a854","Complete","Complete","Live","SE 18-80 NAT REP W8 V2","Cint","2024-02-20 11:18:48","2024-02-20 11:30:26",""
"ba31105b-220d-901a-ab94-241a77716499","Complete","Complete","Live","SE 18-80 NAT REP W8 V2","Cint","2024-02-20 11:18:39","2024-02-20 11:25:23",""
"e191b191-ecc4-3279-0b5e-85ba8578eb61","Complete","Complete","Live","SE 18-80 NAT REP W8 V2","Cint","2024-02-20 11:18:36","2024-02-20 11:25:23",""
"cb0409c6-f7be-8b75-9e09-3d2f141ff021","Complete","Complete","Live","SE 18-80 NAT REP W8 V2","Cint","2024-02-20 11:18:29","2024-02-20 11:25:23",""
"d1416917-54f9-eb70-dbd8-5d6afa8713eb","Complete","Complete","Live","SE 18-80 NAT REP W8 V2","Cint","2024-02-20 11:18:20","2024-02-20 11:25:23",""
"ca0c30cd-88a4-8d71-9602-042704da2d10","Complete","Complete","Live","SE 18-80 NAT REP W8 V2","Cint","2024-02-20 11:18:18","2024-02-20 11:25:23",""
"a9478c73-3604-1a8e-0dbc-b86c248f61eb","Complete","Complete","Live","SE 18-80 NAT REP W8","Cint","2024-02-19 10:16:22","2024-02-19 10:25:29",""
"0e3e8768-176f-0a20-74a7-b315cede40fb","Complete","Complete","Live","SE 18-80 NAT REP W8","Cint","2024-02-19 10:15:51","2024-02-19 10:25:29",""
"1bb2928c-8638-1ffa-f843-a699afb5d355","QualityTerminate","QualityTerminate","Live","SE 18-80 NAT REP W8","Cint","2024-02-19 10:15:47","2024-02-20 11:16:08",""
"3c279929-219d-176d-6de6-ad0cfa1730ca","Complete","Complete","Live","SE 18-80 NAT REP W8","Cint","2024-02-19 10:15:20","2024-02-19 10:20:42",""
"3ea9d37b-9d6a-56d4-e3b4-e782dddcc899","TimedOut","New","Live","SE 18-80 NAT REP W8","Cint","2024-02-19 10:15:07","2024-02-19 11:50:25",""
"5b6c3bea-2226-bcf9-2625-0f47c457b435","Complete","Complete","Live","SE 18-80 NAT REP W8","Cint","2024-02-19 10:14:50","2024-02-19 10:20:42",""
"fbdfe9d3-8807-5591-951c-ddf435bb1f08","Complete","Complete","Live","SE 18-80 NAT REP W8","Cint","2024-02-19 10:14:08","2024-02-19 10:20:42",""
"9bc4dda8-7906-6277-8e67-e9eff0fa2e6f","Complete","Complete","Live","SE 18-80 NAT REP W8","Cint","2024-02-19 10:14:05","2024-02-19 10:20:42",""
"91d27fe2-f0a7-c122-982d-4bf9d3649979","TimedOut","New","Live","SE 18-80 NAT REP W8","Cint","2024-02-19 10:14:01","2024-02-19 11:50:25",""
"49d5e74f-b44b-5eaa-9f80-d3fe6cf1e38d","TimedOut","TimedOut","Live","SE 18-80 NAT REP W8","Cint","2024-02-19 10:13:56","2024-02-19 11:50:26",""
"ca9c3d05-4dfc-8c15-d6ca-09b7b017dadf","TimedOut","TimedOut","Live","SE 18-80 NAT REP W8","Cint","2024-02-19 10:13:38","2024-02-19 11:50:26",""
"6a0c27d8-b6ed-fd97-4617-1327b12bef0f","TimedOut","New","Live","SE 18-80 NAT REP W8","Cint","2024-02-19 10:13:28","2024-02-19 11:50:25",""
"a4f12a67-2f3c-fa8d-bba8-1eda3c6db9fd","TimedOut","New","Live","SE 18-80 NAT REP W8","Cint","2024-02-19 10:13:13","2024-02-19 11:50:25",""
"26637e9d-0e36-bbe7-2952-4a48ae0f5805","TimedOut","New","Live","SE 18-80 NAT REP W8","Cint","2024-02-19 10:12:55","2024-02-19 11:50:25",""
"4d56507b-88f3-9444-1cb4-647dfeb719e8","Complete","Complete","Live","SE 18-80 NAT REP W8","Cint","2024-02-19 10:12:53","2024-02-19 10:20:42",""
"ef41b2d4-273b-757c-0b1b-866ad503760e","Complete","Complete","Live","SE 18-80 NAT REP W8","Cint","2024-02-19 10:12:48","2024-02-19 10:25:29",""
"0fd8c69d-ede7-07fc-9252-f2f3ae9cbb74","Complete","Complete","Live","SE 18-80 NAT REP W8","Cint","2024-02-19 10:12:43","2024-02-19 10:25:29",""
"45e7f137-067e-33f3-adf8-c5cc014f51d4","QualityTerminate","QualityTerminate","Live","SE 18-80 NAT REP W8","Cint","2024-02-19 10:12:35","2024-02-19 10:15:26",""
"62562366-42da-e198-1ca9-177d702757f5","TimedOut","TimedOut","Live","SE 18-80 NAT REP W8","Cint","2024-02-19 10:12:32","2024-02-19 11:50:26",""
"33130a0e-9a77-f7be-59c1-3e3809898d90","TimedOut","New","Live","SE 18-80 NAT REP W8","Cint","2024-02-19 10:12:28","2024-02-19 11:50:25",""
"1829e0fe-3968-1f50-6331-d402ba482c6a","Complete","Complete","Live","SE 18-80 NAT REP W8","Cint","2024-02-19 10:12:26","2024-02-19 10:25:29",""
"3009088a-aa6c-f751-4345-3c225797fd1e","Complete","Complete","Live","SE 18-80 NAT REP W8","Cint","2024-02-19 10:12:24","2024-02-19 10:25:29",""
"a2d5c192-439e-3ebe-9f5d-f5fe1aa35567","QualityTerminate","QualityTerminate","Live","SE 18-80 NAT REP W8","Cint","2024-02-19 10:12:23","2024-02-20 11:16:07",""
"b670967b-c2f6-69d2-3ab4-a25b63068bef","TimedOut","TimedOut","Live","SE 18-80 NAT REP W8","Cint","2024-02-19 10:12:22","2024-02-19 11:50:26",""
"c40f8ee4-ec85-76bb-452b-ba242fa5ba05","QualityTerminate","QualityTerminate","Live","SE 18-80 NAT REP W8","Cint","2024-02-19 10:12:21","2024-02-20 11:16:06",""
"e354dcf4-d5cb-2441-1e3b-e87f16f0c315","Complete","Complete","Live","SE 18-80 NAT REP W8","Cint","2024-02-19 10:12:20","2024-02-19 10:20:42",""
"5ba9b3e2-79ae-4b0e-e32d-878225aaef7b","TimedOut","TimedOut","Live","SE 18-80 NAT REP W8","Cint","2024-02-19 10:12:19","2024-02-19 11:50:26",""
"3b903843-873b-d478-da8c-0cbb7c149186","Complete","Complete","Live","SE 18-80 NAT REP W8","Cint","2024-02-19 10:12:15","2024-02-19 10:25:29",""
"37c5312a-6e92-dcef-8fe5-05ee7efc39be","QualityTerminate","QualityTerminate","Live","SE 18-80 NAT REP W8","Cint","2024-02-19 10:12:11","2024-02-20 11:16:06",""
"fb8eb502-b509-50b1-c4cd-81a5441fe296","QualityTerminate","QualityTerminate","Live","SE 18-80 NAT REP W8","Cint","2024-02-19 10:12:11","2024-02-19 10:15:25",""
"f647ff84-389e-1a34-0d4b-cb6c46786f13","Complete","Complete","Live","SE 18-80 NAT REP W8","Cint","2024-02-19 10:12:06","2024-02-19 12:20:19",""
"6d1f7bb9-0b2f-9ff6-5576-4f34ae2f1d2d","TimedOut","TimedOut","Live","SE 18-80 NAT REP W8","Cint","2024-02-19 10:12:06","2024-02-19 11:50:26",""
"6ac9b279-dbaf-566d-83b6-86e2fcbfcd86","Complete","Complete","Live","SE 18-80 NAT REP W8","Cint","2024-02-19 10:12:05","2024-02-19 10:20:42",""
"691e4701-5052-a0be-54ce-7335a252c693","QualityTerminate","QualityTerminate","Live","SE 18-80 NAT REP W8","Cint","2024-02-19 10:12:04","2024-02-20 11:16:06",""
"65d6e098-03e0-04cc-9c57-d4fd83f8957c","Complete","Complete","Live","SE 18-80 NAT REP W8","Cint","2024-02-19 10:12:04","2024-02-19 10:20:42",""
"5cb3e01a-4f31-07ef-f9d5-d498c9291ae8","Complete","Complete","Live","SE 18-80 NAT REP W8","Cint","2024-02-19 10:12:03","2024-02-19 10:25:29",""
"8f0c8ffe-bd4f-68de-4631-bb27ad57ea1c","Complete","Complete","Live","SE 18-80 NAT REP W8","Cint","2024-02-19 10:12:00","2024-02-19 10:25:29",""
"9403f86e-7743-1fae-49a1-cc28c45622fa","Complete","Complete","Live","SE 18-80 NAT REP W8","Cint","2024-02-19 10:11:59","2024-02-19 10:30:40",""
"0ce7aadc-86a8-4d95-ad13-9eccc9b3d044","Complete","Complete","Live","SE 18-80 NAT REP W8","Cint","2024-02-19 10:11:58","2024-02-19 10:20:42",""
"992fd575-c31b-3318-65ba-e10488099693","Complete","Complete","Live","SE 18-80 NAT REP W8","Cint","2024-02-19 10:11:57","2024-02-19 10:25:29",""
"4fe954b0-c061-b2b2-a37f-60c24763962a","Complete","Complete","Live","SE 18-80 NAT REP W8","Cint","2024-02-19 10:11:56","2024-02-19 10:20:42",""
"ec3879b3-7d81-9fe2-727c-4d13359bea54","TimedOut","TimedOut","Live","SE 18-80 NAT REP W8","Cint","2024-02-19 10:11:55","2024-02-19 11:50:26",""
"f4bb9699-bbbb-772e-f156-a2902fa9ad0d","QualityTerminate","QualityTerminate","Live","SE 18-80 NAT REP W8","Cint","2024-02-19 10:11:55","2024-02-20 11:16:07",""
"b2f781cf-14f7-678d-bd00-b5dc7ef54225","TimedOut","New","Live","SE 18-80 NAT REP W8","Cint","2024-02-19 10:11:53","2024-02-19 11:50:25",""
"e2682819-bdb9-c904-22d6-1c43cfa22af7","Complete","Complete","Live","SE 18-80 NAT REP W8","Cint","2024-02-19 10:11:51","2024-02-19 10:20:42",""
"8a04b484-0959-55d3-4e4b-802f314a1e10","Complete","Complete","Live","SE 18-80 NAT REP W8","Cint","2024-02-19 10:11:49","2024-02-19 10:20:42",""
"7c2d3035-c958-d13b-67fa-040604429faf","Complete","Complete","Live","SE 18-80 NAT REP W8","Cint","2024-02-19 10:11:49","2024-02-19 10:20:42",""
"800a731d-4f44-925e-40d2-47214f47d989","Complete","Complete","Live","SE 18-80 NAT REP W8","Cint","2024-02-19 10:11:48","2024-02-19 10:20:42",""
"5280217f-72f6-c032-cab0-15aba3f53b8c","Complete","Complete","Live","SE 18-80 NAT REP W8","Cint","2024-02-19 10:11:48","2024-02-19 10:25:29",""
"41e1b506-935b-55f6-abc9-81cadb4adae9","QualityTerminate","QualityTerminate","Live","SE 18-80 NAT REP W8","Cint","2024-02-19 10:11:47","2024-02-20 11:16:07",""
"c0d8dc10-907f-3cec-92df-e8f348640587","QualityTerminate","QualityTerminate","Live","SE 18-80 NAT REP W8","Cint","2024-02-19 10:11:46","2024-02-20 11:16:07",""
"8e14c746-bd01-27c9-5e89-f33f7520ead3","TimedOut","New","Live","SE 18-80 NAT REP W8","Cint","2024-02-19 10:11:46","2024-02-19 11:50:25",""
"8fd9cf62-b738-2f9a-93ad-fbf20d3be6f1","TimedOut","New","Live","SE 18-80 NAT REP W8","Cint","2024-02-19 10:11:45","2024-02-19 11:50:25",""
"b1d39493-b534-772a-995c-a0f87828e472","Complete","Complete","Live","SE 18-80 NAT REP W8","Cint","2024-02-19 10:11:44","2024-02-19 10:20:42",""
"103efa79-56ad-1a7a-74b6-ce151fae00ed","Complete","Complete","Live","SE 18-80 NAT REP W8","Cint","2024-02-19 10:11:44","2024-02-19 10:30:40",""
"29144a10-84dd-a9a4-5edf-7e3fefdd9184","Complete","Complete","Live","SE 18-80 NAT REP W8","Cint","2024-02-19 10:11:44","2024-02-19 10:20:42",""
"92724172-4ba1-a158-38bd-7559b4bd1ce8","QualityTerminate","QualityTerminate","Live","SE 18-80 NAT REP W8","Cint","2024-02-19 10:11:43","2024-02-20 11:16:06",""
"753aa44d-415d-4779-7082-9011354116d8","Complete","Complete","Live","SE 18-80 NAT REP W8","Cint","2024-02-19 10:11:42","2024-02-19 10:25:29",""
"6d8a7c3e-d620-9c50-c0f1-48a1513d40ac","QualityTerminate","QualityTerminate","Live","SE 18-80 NAT REP W8","Cint","2024-02-19 10:11:41","2024-02-20 11:16:05",""
"9b140e40-1ffe-ed35-5e8f-3a3f9ee108d3","QualityTerminate","QualityTerminate","Live","SE 18-80 NAT REP W8","Cint","2024-02-19 10:11:41","2024-02-20 11:16:08",""
"259b041c-df75-e753-d1d3-30b0fe68498e","TimedOut","TimedOut","Live","SE 18-80 NAT REP W8","Cint","2024-02-19 10:11:41","2024-02-19 11:50:26",""
"0f69e42e-e0d5-0682-23e1-d042d1c8f6bc","TimedOut","New","Live","SE 18-80 NAT REP W8","Cint","2024-02-19 10:11:39","2024-02-19 11:50:25",""
"d73283d9-c0ce-6124-7816-b719dad39637","Complete","Complete","Live","SE 18-80 NAT REP W8","Cint","2024-02-19 10:11:36","2024-02-19 10:20:42",""
"d2c579b6-e542-9b61-8f79-4deea95bb379","Complete","Complete","Live","SE 18-80 NAT REP W8","Cint","2024-02-19 10:11:34","2024-02-19 10:35:22",""
"8c384606-4823-5b45-72c9-7213433c1ee4","TimedOut","New","Live","SE 18-80 NAT REP W8","Cint","2024-02-19 10:11:29","2024-02-19 11:50:25",""
"727c2e46-26b5-225c-3689-1a57e459b0ba","TimedOut","TimedOut","Live","SE 18-80 NAT REP W8","Cint","2024-02-19 10:11:24","2024-02-19 11:50:26",""
"b52985f6-c809-8ab7-6339-b10274029f62","Complete","Complete","Live","SE 18-80 NAT REP W8","Cint","2024-02-19 10:11:15","2024-02-19 10:20:42",""
"5ca026a9-42c6-29e6-ea66-128b9fc52b3b","Complete","Complete","Live","SE 18-80 NAT REP W8","Cint","2024-02-19 10:11:14","2024-02-19 10:20:42",""
"7f8f2529-8b8b-2cc4-c5e6-11a4c2819ebd","TimedOut","New","Live","SE 18-80 NAT REP W8","Cint","2024-02-19 10:11:09","2024-02-19 11:50:25",""
"c9ea72b6-98ec-7c1c-a079-46c17907ce25","Complete","Complete","Live","SE 18-80 NAT REP W8","Cint","2024-02-19 10:11:09","2024-02-19 10:20:42",""
"0fa3ee83-ea2e-d82b-e94c-da88db457d6c","TimedOut","TimedOut","Live","SE 18-80 NAT REP W8","Cint","2024-02-19 10:11:06","2024-02-19 11:50:26",""
"570d9feb-f408-ab5b-4724-ab266bfca27e","Complete","Complete","Live","SE 18-80 NAT REP W8","Cint","2024-02-19 10:11:05","2024-02-19 10:15:23",""
"3a805268-7869-7dd1-caa7-66abf3a52efd","Complete","Complete","Live","SE 18-80 NAT REP W8","Cint","2024-02-19 10:11:05","2024-02-19 10:20:42",""
"9cd24938-df07-70b3-98f7-7df99b7ec9fb","Complete","Complete","Live","SE 18-80 NAT REP W8","Cint","2024-02-19 10:11:03","2024-02-19 10:20:42",""
"d1a36b58-bd98-31b6-e997-5f88c9ceacb4","Complete","Complete","Live","SE 18-80 NAT REP W8","Cint","2024-02-19 10:11:01","2024-02-19 10:20:42",""
"f42d4547-1ecd-62d3-6788-7106e2164899","Complete","Complete","Live","SE 18-80 NAT REP W8","Cint","2024-02-19 10:11:00","2024-02-19 10:15:23",""
"b2d8ccc6-80bb-8aa0-9209-f8f358d91653","Complete","Complete","Live","SE 18-80 NAT REP W8","Cint","2024-02-19 10:10:55","2024-02-19 10:15:23",""
"17ec322e-1878-7123-a6e1-06c78ec74ebd","Complete","Complete","Live","SE 18-80 NAT REP W8","Cint","2024-02-19 10:10:53","2024-02-19 10:25:29",""
"9442081c-58c6-4b58-08d3-3c6924794ee9","Complete","Complete","Live","SE 18-80 NAT REP W8","Cint","2024-02-19 10:10:52","2024-02-19 10:20:42",""
"8eda7a2b-7f0d-38dd-90e4-4ef1967329bc","QualityTerminate","QualityTerminate","Live","SE 18-80 NAT REP W8","Cint","2024-02-19 10:10:51","2024-02-20 11:16:05",""
"de2cf559-c575-b655-6696-c107a0ca93ca","Complete","Complete","Live","SE 18-80 NAT REP W8","Cint","2024-02-19 10:10:51","2024-02-19 10:20:42",""
"25975c40-252e-1f96-dd8f-68bc5d5673da","Complete","Complete","Live","SE 18-80 NAT REP W8","Cint","2024-02-19 10:10:50","2024-02-19 10:20:42",""
"ec452378-d139-6034-0fb7-176e2c86c7eb","Complete","Complete","Live","SE 18-80 NAT REP W8","Cint","2024-02-19 10:10:49","2024-02-19 10:15:23",""
"cf78b781-79dd-f591-324e-8353b7a26f1f","QualityTerminate","QualityTerminate","Live","SE 18-80 NAT REP W8","Cint","2024-02-19 10:10:49","2024-02-19 10:15:23",""
"1e67b26d-74ee-f0b1-2da2-864c705162f9","QualityTerminate","QualityTerminate","Live","SE 18-80 NAT REP W8","Cint","2024-02-19 10:10:49","2024-02-20 11:16:08",""
"10c5ea32-bafa-a859-8ffd-deeef744ecab","Complete","Complete","Live","SE 18-80 NAT REP W8","Cint","2024-02-19 10:10:48","2024-02-19 10:55:26",""
"df7c1241-d5ee-6f70-368e-2657a69782d2","Complete","Complete","Live","SE 18-80 NAT REP W8","Cint","2024-02-19 10:10:47","2024-02-19 10:20:42",""
"4e7e761b-d820-3467-34d4-4255409f8e88","Complete","Complete","Live","SE 18-80 NAT REP W8","Cint","2024-02-19 10:10:47","2024-02-19 10:20:42",""
"be0064e0-b6eb-19c7-4a2f-502bd555e005","Complete","Complete","Live","SE 18-80 NAT REP W8","Cint","2024-02-19 10:10:46","2024-02-19 10:20:42",""
"f091676a-6fcf-1a17-dba5-53ba7d2e39f9","Complete","Complete","Live","SE 18-80 NAT REP W8","Cint","2024-02-19 10:10:45","2024-02-19 10:20:42",""
"7d22353c-857f-4877-68f3-0109bac2d3ab","Complete","Complete","Live","SE 18-80 NAT REP W8","Cint","2024-02-19 10:10:45","2024-02-19 10:20:42",""
"af05450a-ab62-2b04-4fc5-712e2f88fd98","Complete","Complete","Live","SE 18-80 NAT REP W8","Cint","2024-02-19 10:10:45","2024-02-19 10:20:42",""
"89cc5f4e-8397-2242-8681-6be7f73615dd","Complete","Complete","Live","SE 18-80 NAT REP W8","Cint","2024-02-19 10:10:44","2024-02-19 10:15:22",""
"6b42d2df-c515-ae00-0810-e66938a9d34d","Complete","Complete","Live","SE 18-80 NAT REP W8","Cint","2024-02-19 10:10:43","2024-02-19 10:20:42",""
"d4b2c2a7-d374-be5a-f868-f69959898548","Complete","Complete","Live","SE 18-80 NAT REP W8","Cint","2024-02-19 10:10:42","2024-02-19 10:20:42",""
"befec636-0086-b9a3-b4f9-f2d55f3656a5","Complete","Complete","Live","SE 18-80 NAT REP W8","Cint","2024-02-19 10:10:40","2024-02-19 10:20:42",""
"b91c8bf0-b90a-f1c7-563f-bf37fabfef62","Complete","Complete","Live","SE 18-80 NAT REP W8","Cint","2024-02-19 10:10:37","2024-02-19 10:25:29",""
"696a6565-de0b-1ca3-20aa-5141237188f7","QualityTerminate","QualityTerminate","Live","SE 18-80 NAT REP W8","Cint","2024-02-19 10:10:37","2024-02-20 11:16:05",""
"315c8558-a0a5-fdfb-1697-b1779e50f6c4","QualityTerminate","QualityTerminate","Live","SE 18-80 NAT REP W8","Cint","2024-02-19 10:10:36","2024-02-20 11:16:08",""
"26f1bda3-918b-cb2b-bb6c-89da2479c737","QualityTerminate","QualityTerminate","Live","SE 18-80 NAT REP W8","Cint","2024-02-19 10:10:33","2024-02-19 10:15:22",""
"6f6a1251-2862-60aa-209e-264168edbec3","Complete","Complete","Live","SE 18-80 NAT REP W8","Cint","2024-02-19 10:10:32","2024-02-19 10:35:22",""
"be324278-1676-3088-78b7-761926f940a4","Complete","Complete","Live","SE 18-80 NAT REP W8","Cint","2024-02-19 10:10:28","2024-02-19 10:20:42",""
"d45412d1-0a4c-7fc8-1e1e-267fa1c29c47","Complete","Complete","Live","SE 18-80 NAT REP W8","Cint","2024-02-19 10:10:25","2024-02-19 10:20:42",""
"125d3d6b-602e-5397-17a4-09769ca336ff","TimedOut","TimedOut","Live","SE 18-80 NAT REP W8","Cint","2024-02-19 10:10:21","2024-02-19 11:50:26",""
"07de9425-e990-f5cc-94ea-a0f51e32bfb2","QualityTerminate","QualityTerminate","Live","SE 18-80 NAT REP W8","Cint","2024-02-19 10:10:18","2024-02-19 10:15:36",""
"bb208a06-5d7e-eafb-6ac9-be0bbae20b92","Complete","Complete","Live","SE 18-80 NAT REP W8","Cint","2024-02-19 10:10:16","2024-02-19 10:20:42",""
"5abd4a27-963e-29e3-f7e8-7e960ca2c0be","Complete","Complete","Live","SE 18-80 NAT REP W8","Cint","2024-02-19 10:10:14","2024-02-19 10:20:42",""
"bc664184-a31f-217c-2c4b-754db88e3558","Complete","Complete","Live","SE 18-80 NAT REP W8","Cint","2024-02-19 10:10:13","2024-02-19 10:20:42",""
"b7769a40-b3a1-f8de-3c8f-ae5d1b3825d3","Complete","Complete","Live","SE 18-80 NAT REP W8","Cint","2024-02-19 10:10:08","2024-02-19 10:20:42",""
"e0f8073b-d946-65af-b2f4-33d306db8fdd","Complete","Complete","Live","SE 18-80 NAT REP W8","Cint","2024-02-19 10:10:08","2024-02-19 10:15:36",""
"d6ca95b1-1bd2-0ab8-bf7e-a1e1d74e8d66","Complete","Complete","Live","SE 18-80 NAT REP W8","Cint","2024-02-19 10:10:03","2024-02-19 10:25:29",""
"a6aec09f-8bdb-ad8b-5d56-f48500545441","Complete","Complete","Live","SE 18-80 NAT REP W7 V3","Cint","2024-02-13 09:45:36","2024-02-13 09:55:29",""
"a284bd22-75cc-db20-77eb-89af2c56aabb","QualityTerminate","QualityTerminate","Live","SE 18-80 NAT REP W7 V3","Cint","2024-02-13 09:45:11","2024-02-13 09:50:19",""
"723af873-c39e-9bd5-c9ba-cc1192feecec","Complete","Complete","Live","SE 18-80 NAT REP W7 V3","Cint","2024-02-13 09:45:07","2024-02-13 09:55:29",""
"94408646-7163-2036-cc8f-b26ba4c1f8a0","Complete","Complete","Live","SE 18-80 NAT REP W7 V2","Cint","2024-02-12 16:23:10","2024-02-12 16:35:24",""
"a0108ac3-f232-8c0f-9c0a-be3bde09dd51","Complete","Complete","Live","SE 18-80 NAT REP W7 V2","Cint","2024-02-12 16:17:25","2024-02-12 16:20:15",""
"a5d9ab38-8f7f-aaf2-55f1-9ff2f102c0af","Complete","Complete","Live","SE 18-80 NAT REP W7 V2","Cint","2024-02-12 16:17:11","2024-02-12 16:25:23",""
"0f673298-81b5-0d57-eb51-064c4c48ad0a","Complete","Complete","Live","SE 18-80 NAT REP W7 V2","Cint","2024-02-12 16:15:53","2024-02-12 16:25:23",""
"390f1acc-c2aa-2eed-8305-2e241462923d","Complete","Complete","Live","SE 18-80 NAT REP W7 V2","Cint","2024-02-12 16:14:50","2024-02-12 16:20:22",""
"dc9086c7-e8a3-b2d8-1c0e-b2bbb794f054","Complete","Complete","Live","SE 18-80 NAT REP W7 V2","Cint","2024-02-12 16:14:48","2024-02-12 16:25:23",""
"0ca202fa-3fad-368d-2e33-3689f7896e6c","TimedOut","New","Live","SE 18-80 NAT REP W7 V2","Cint","2024-02-12 16:14:45","2024-02-12 17:50:16",""
"3bf7e696-684d-d124-7b5f-d2dce7693503","Complete","Complete","Live","SE 18-80 NAT REP W7 V2","Cint","2024-02-12 16:14:45","2024-02-12 16:30:22",""
"115d03ff-61a6-34ce-d136-37764897fe6c","Complete","Complete","Live","SE 18-80 NAT REP W7 V2","Cint","2024-02-12 16:14:40","2024-02-12 16:25:23",""
"a01dfe6d-f69d-c973-91a4-ca36c0a8ea86","Complete","Complete","Live","SE 18-80 NAT REP W7 V2","Cint","2024-02-12 16:14:40","2024-02-12 16:25:23",""
"a6eec423-fdf2-f358-62ea-f0c531c1b1c2","Complete","Complete","Live","SE 18-80 NAT REP W7 V2","Cint","2024-02-12 16:14:38","2024-02-12 16:25:23",""
"268591f1-db16-a7b7-0938-a5aee2e48713","Complete","Complete","Live","SE 18-80 NAT REP W7 V2","Cint","2024-02-12 16:14:32","2024-02-12 16:25:23",""
"3055e28b-6110-d471-d942-d67e385aee12","Complete","Complete","Live","SE 18-80 NAT REP W7 V2","Cint","2024-02-12 16:14:32","2024-02-12 16:20:22",""
"5b8e2880-c9a7-1926-0249-1ca5af45e515","Complete","Complete","Live","SE 18-80 NAT REP W7 V2","Cint","2024-02-12 16:14:31","2024-02-12 16:25:23",""
"31174567-f9f4-74e3-9bae-713cb53ee59d","TimedOut","New","Live","SE 18-80 NAT REP W7 V2","Cint","2024-02-12 16:14:30","2024-02-12 17:50:16",""
"44619f22-ca25-aec9-edeb-ab4a23ef56b1","Complete","Complete","Live","SE 18-80 NAT REP W7 V2","Cint","2024-02-12 16:14:27","2024-02-12 16:35:24",""
"a16e0ea7-c780-3f98-e26e-3a45f2625f34","Complete","Complete","Live","SE 18-80 NAT REP W7 V2","Cint","2024-02-12 16:14:24","2024-02-12 16:20:22",""
"1075bf92-5572-8eb5-f95b-8b5e7311fa7b","QualityTerminate","QualityTerminate","Live","SE 18-80 NAT REP W7 V2","Cint","2024-02-12 16:14:24","2024-02-12 16:15:20",""
"27b6750f-337b-442d-3ac6-419d899a6396","Complete","Complete","Live","SE 18-80 NAT REP W7 V2","Cint","2024-02-12 16:14:23","2024-02-12 16:20:22",""
"6a60b163-5c3b-8122-ecaa-854ba7d3ccba","Complete","Complete","Live","SE 18-80 NAT REP W7 V2","Cint","2024-02-12 16:13:59","2024-02-12 16:25:23",""
"1742bf94-a351-8c72-ce5d-8b69337e8a07","Complete","Complete","Live","SE 18-80 NAT REP W7 V2","Cint","2024-02-12 16:13:55","2024-02-12 16:20:22",""
"ead9fcea-bbf1-cfea-5523-c8f2661c977f","TimedOut","New","Live","SE 18-80 NAT REP W7 V2","Cint","2024-02-12 16:13:51","2024-02-12 17:50:16",""
"7403ce4f-08f2-e6e4-8f86-fa2843275495","Complete","Complete","Live","SE 18-80 NAT REP W7 V2","Cint","2024-02-12 16:13:42","2024-02-12 16:50:27",""
"f6ebb981-fd3d-8bf0-6748-8dc00fd3b114","Complete","Complete","Live","SE 18-80 NAT REP W7 V2","Cint","2024-02-12 16:13:36","2024-02-12 16:30:22",""
"71ade9a7-895e-dbc9-216e-dd8653901932","Complete","Complete","Live","SE 18-80 NAT REP W7 V2","Cint","2024-02-12 16:13:31","2024-02-12 16:20:22",""
"c0446864-506a-45f8-c8ad-5c6ff08700b9","Complete","Complete","Live","SE 18-80 NAT REP W7 V2","Cint","2024-02-12 16:13:28","2024-02-12 16:30:22",""
"ba1ab7fb-0baf-9a2e-9632-83310b614360","Complete","Complete","Live","SE 18-80 NAT REP W7 V2","Cint","2024-02-12 16:13:24","2024-02-12 16:20:22",""
"01c80eab-e507-22d7-4462-3ae38dd7757b","Complete","Complete","Live","SE 18-80 NAT REP W7 V2","Cint","2024-02-12 16:13:00","2024-02-12 16:20:22",""
"78d62e1b-a367-01a3-5ad2-1afdb237b3ff","Complete","Complete","Live","SE 18-80 NAT REP W7 V2","Cint","2024-02-12 16:12:56","2024-02-12 16:20:22",""
"c6b521f0-4885-0e25-3939-159e93ad5939","Complete","Complete","Live","SE 18-80 NAT REP W7 V2","Cint","2024-02-12 16:12:54","2024-02-12 16:20:22",""
"22150389-a8c8-2d9c-9940-373e879a394b","Complete","Complete","Live","SE 18-80 NAT REP W7 V2","Cint","2024-02-12 16:12:44","2024-02-12 16:20:22",""
"38e68c6b-f6ba-a45b-6aa2-b8cd4a73be83","Complete","Complete","Live","SE 18-80 NAT REP W7 V2","Cint","2024-02-12 16:12:13","2024-02-12 16:15:29",""
"e87857b6-1b88-7310-f47f-635302df3655","Complete","Complete","Live","SE 18-80 NAT REP W7 V2","Cint","2024-02-12 16:11:56","2024-02-12 16:20:22",""
"5081fbf3-7530-df79-0d3a-cfaa68647a64","Complete","Complete","Live","SE 18-80 NAT REP W7 V2","Cint","2024-02-12 16:11:53","2024-02-12 16:20:22",""
"e64cc1a9-c263-e54e-c060-f5674d469d3b","Complete","Complete","Live","SE 18-80 NAT REP W7 V2","Cint","2024-02-12 16:11:49","2024-02-12 16:20:22",""
"8218bc17-0bda-98db-94de-8833dcfe4784","Complete","Complete","Live","SE 18-80 NAT REP W7 V2","Cint","2024-02-12 16:11:48","2024-02-12 16:25:23",""
"94cb4800-5c7f-6ce5-47c9-7ce0bdbb10d9","Complete","Complete","Live","SE 18-80 NAT REP W7 V2","Cint","2024-02-12 16:11:47","2024-02-12 16:20:22",""
"aad2f9eb-7c6f-dd26-5e22-cdf913aae078","Complete","Complete","Live","SE 18-80 NAT REP W7 V2","Cint","2024-02-12 16:11:45","2024-02-12 16:40:23",""
"81196d02-f9e4-4936-95cb-5932d73cd1f9","Complete","Complete","Live","SE 18-80 NAT REP W7 V2","Cint","2024-02-12 16:11:43","2024-02-12 16:15:15",""
"920c8147-3dc4-a6ca-808e-b52713a4b5b7","Complete","Complete","Live","SE 18-80 NAT REP W7 V2","Cint","2024-02-12 16:11:40","2024-02-12 16:15:15",""
"ec47740f-14cc-4d2f-e0c6-406cce09779c","QualityTerminate","QualityTerminate","Live","SE 18-80 NAT REP W7","Cint","2024-02-12 08:46:09","2024-02-12 16:10:51",""
"1c88a7c3-37a3-99b5-2f0a-93a318594c50","Complete","Complete","Live","SE 18-80 NAT REP W7","Cint","2024-02-12 08:46:07","2024-02-12 08:55:39",""
"e02add18-e512-fa37-8dd1-e901db47a1c2","QualityTerminate","QualityTerminate","Live","SE 18-80 NAT REP W7","Cint","2024-02-12 08:45:32","2024-02-12 16:10:48",""
"e505b690-6fe1-902c-a259-822e2ba46a4e","TimedOut","TimedOut","Live","SE 18-80 NAT REP W7","Cint","2024-02-12 08:45:32","2024-02-12 09:50:46",""
"969f503b-3199-0525-38f2-64b436deb5a4","Complete","Complete","Live","SE 18-80 NAT REP W7","Cint","2024-02-12 08:45:00","2024-02-12 08:50:48",""
"53bf2943-365c-6053-188a-1d94cf3775d1","QualityTerminate","QualityTerminate","Live","SE 18-80 NAT REP W7","Cint","2024-02-12 08:44:34","2024-02-12 08:45:21",""
"fc446e33-6ed1-2731-e3fa-5a6ff43aebd8","Complete","Complete","Live","SE 18-80 NAT REP W7","Cint","2024-02-12 08:44:27","2024-02-12 10:35:24",""
"f3579b52-ed85-d210-f09b-af7c3f2c88c0","Complete","Complete","Live","SE 18-80 NAT REP W7","Cint","2024-02-12 08:44:22","2024-02-12 08:50:48",""
"79b2c978-aca6-8dba-15b1-fd9935d1c9eb","TimedOut","New","Live","SE 18-80 NAT REP W7","Cint","2024-02-12 08:43:52","2024-02-12 09:50:45",""
"c65e0c6c-0fe9-7059-f9a5-387583916fff","Complete","Complete","Live","SE 18-80 NAT REP W7","Cint","2024-02-12 08:43:17","2024-02-12 08:50:48",""
"9c3ce0d8-bbc4-9acd-9b11-d417e533f04b","Complete","Complete","Live","SE 18-80 NAT REP W7","Cint","2024-02-12 08:42:28","2024-02-12 10:25:36",""
"35bd5a81-985b-2096-1a48-6e96aeed1319","Complete","Complete","Live","SE 18-80 NAT REP W7","Cint","2024-02-12 08:42:27","2024-02-12 08:50:48",""
"d75f6220-246b-1781-f8e9-56747ecd47d0","Complete","Complete","Live","SE 18-80 NAT REP W7","Cint","2024-02-12 08:42:24","2024-02-12 08:50:48",""
"db00b33c-c959-c94a-a7f5-872bcf3f89d1","Complete","Complete","Live","SE 18-80 NAT REP W7","Cint","2024-02-12 08:42:22","2024-02-12 09:15:31",""
"26e0dbc9-b9f3-ae6a-4700-efcb8915da5d","Complete","Complete","Live","SE 18-80 NAT REP W7","Cint","2024-02-12 08:42:22","2024-02-12 08:50:48",""
"4b23b84d-c608-cce2-8484-8c08a881cddb","Complete","Complete","Live","SE 18-80 NAT REP W7","Cint","2024-02-12 08:42:20","2024-02-12 08:50:48",""
"bb97c705-ec9c-b02a-30cc-f3bc08198fec","Complete","Complete","Live","SE 18-80 NAT REP W7","Cint","2024-02-12 08:42:14","2024-02-12 08:50:48",""
"b688652e-5654-12f1-2fe7-51a39ddd33b7","TimedOut","New","Live","SE 18-80 NAT REP W7","Cint","2024-02-12 08:42:13","2024-02-12 10:25:35",""
"e8ff0c78-e9bc-7ac2-58b1-38d41e378ce1","Complete","Complete","Live","SE 18-80 NAT REP W7","Cint","2024-02-12 08:42:05","2024-02-12 08:50:48",""
"14215a07-f4ee-2c31-86ce-6e0a601d9f9e","QualityTerminate","QualityTerminate","Live","SE 18-80 NAT REP W7","Cint","2024-02-12 08:42:00","2024-02-12 16:10:52",""
"42385f1b-aa51-2971-9fd2-6b1376f2cf89","QualityTerminate","QualityTerminate","Live","SE 18-80 NAT REP W7","Cint","2024-02-12 08:41:59","2024-02-12 16:10:48",""
"e5dc90c4-eb4c-e144-7b0d-a4f7e7ce8059","QualityTerminate","QualityTerminate","Live","SE 18-80 NAT REP W7","Cint","2024-02-12 08:41:57","2024-02-12 08:45:19",""
"0e50da4b-7658-ab0c-f782-ee7bc5f1f396","Complete","Complete","Live","SE 18-80 NAT REP W7","Cint","2024-02-12 08:41:48","2024-02-12 08:50:48",""
"fa6122c6-02c7-5249-c60f-164ae9b4061e","Complete","Complete","Live","SE 18-80 NAT REP W7","Cint","2024-02-12 08:41:48","2024-02-12 08:50:48",""
"cf7a0d7e-eea5-7d45-ddb7-39517849878f","QualityTerminate","QualityTerminate","Live","SE 18-80 NAT REP W7","Cint","2024-02-12 08:41:47","2024-02-12 16:10:48",""
"d3b7eb05-938c-9bc7-10cc-df9c9dfc1a93","Complete","Complete","Live","SE 18-80 NAT REP W7","Cint","2024-02-12 08:41:41","2024-02-12 08:50:48",""
"39e21e38-c44a-6d8e-45f1-2ac9e9c641db","Complete","Complete","Live","SE 18-80 NAT REP W7","Cint","2024-02-12 08:41:36","2024-02-12 08:50:48",""
"f48a673a-5ea2-15e3-2df3-53a1550f37af","TimedOut","TimedOut","Live","SE 18-80 NAT REP W7","Cint","2024-02-12 08:41:27","2024-02-12 09:50:46",""
"8916ec8e-5531-8152-b147-d83da7bf161d","QualityTerminate","QualityTerminate","Live","SE 18-80 NAT REP W7","Cint","2024-02-12 08:41:24","2024-02-12 16:10:51",""
"200cd335-2c36-a1e2-abfc-e7277b5baced","Complete","Complete","Live","SE 18-80 NAT REP W7","Cint","2024-02-12 08:41:23","2024-02-12 08:50:48",""
"b48aea04-8a08-8782-2dcd-dea1b665ca91","Complete","Complete","Live","SE 18-80 NAT REP W7","Cint","2024-02-12 08:41:22","2024-02-12 08:50:48",""
"1dcf7877-5ab9-1582-68be-4ce4981731e3","TimedOut","New","Live","SE 18-80 NAT REP W7","Cint","2024-02-12 08:41:19","2024-02-12 09:50:45",""
"c10d4950-9e13-24a8-aa99-7d26cb9efdcb","QualityTerminate","QualityTerminate","Live","SE 18-80 NAT REP W7","Cint","2024-02-12 08:41:18","2024-02-12 16:10:52",""
"9cc0996a-0d20-f438-67a3-adeb42af7698","Complete","Complete","Live","SE 18-80 NAT REP W7","Cint","2024-02-12 08:41:05","2024-02-12 08:50:48",""
"4dcffb41-9f72-97e3-6888-cfe4a3ddfea2","Complete","Complete","Live","SE 18-80 NAT REP W7","Cint","2024-02-12 08:41:03","2024-02-12 08:50:48",""
"9e94035d-609e-6fce-3394-37bf6111099e","Complete","Complete","Live","SE 18-80 NAT REP W7","Cint","2024-02-12 08:41:01","2024-02-12 08:50:48",""
"2772fbc4-e363-9546-d50d-cf59a7f08057","Complete","Complete","Live","SE 18-80 NAT REP W7","Cint","2024-02-12 08:40:47","2024-02-12 08:45:19",""
"8adbcdb9-a744-5533-7d70-f9f092c7de2a","Complete","Complete","Live","SE 18-80 NAT REP W7","Cint","2024-02-12 08:40:43","2024-02-12 08:45:19",""
"1c31e4dc-ff39-358b-9715-d01a2f1aba0a","TimedOut","New","Live","SE 18-80 NAT REP W7","Cint","2024-02-12 08:40:36","2024-02-12 09:50:45",""
"36812b22-99f0-976c-27eb-1faaf40cf8b5","Complete","Complete","Live","SE 18-80 NAT REP W7","Cint","2024-02-12 08:40:36","2024-02-12 08:45:19",""
"a650cace-1832-7551-f607-fe7b0df2595d","QualityTerminate","QualityTerminate","Live","SE 18-80 NAT REP W7","Cint","2024-02-12 08:40:36","2024-02-12 08:45:18",""
"6872b49c-ce8d-110d-d455-8059f5dbb40e","Complete","Complete","Live","SE 18-80 NAT REP W7","Cint","2024-02-12 08:40:32","2024-02-12 08:50:48",""
"450377e6-c955-b878-a52f-432869168b00","QualityTerminate","QualityTerminate","Live","SE 18-80 NAT REP W7","Cint","2024-02-12 08:40:28","2024-02-12 16:10:49",""
"2de0ae13-f608-7113-46da-9acba5539385","Complete","Complete","Live","SE 18-80 NAT REP W7","Cint","2024-02-12 08:40:28","2024-02-12 08:45:18",""
"d1eba50f-b8bc-6293-4dc6-91c03d84dafb","Complete","Complete","Live","SE 18-80 NAT REP W7","Cint","2024-02-12 08:40:23","2024-02-12 08:50:48",""
"4a4ecdb8-3f9d-22a8-e871-f9655a9e5d2e","Complete","Complete","Live","SE 18-80 NAT REP W7","Cint","2024-02-12 08:40:18","2024-02-12 08:45:40",""
"11c44049-abc1-aeaa-6280-74efbee0d0de","TimedOut","TimedOut","Live","SE 18-80 NAT REP W7","Cint","2024-02-12 08:40:15","2024-02-12 09:50:46",""
"3ee55fb7-6f3b-b6ab-437e-6bce50de2a55","Complete","Complete","Live","SE 18-80 NAT REP W7","Cint","2024-02-12 08:40:13","2024-02-12 08:50:48",""
"42e3e99b-942c-07e0-4552-ddc84506ff08","TimedOut","New","Live","SE 18-80 NAT REP W7","Cint","2024-02-12 08:40:13","2024-02-12 09:50:45",""
"490a0808-2afc-e0bc-acc1-3c219ff9ab9b","TimedOut","New","Live","SE 18-80 NAT REP W7","Cint","2024-02-12 08:40:09","2024-02-12 09:50:45",""
"1e8d25ef-ce20-cd75-2b26-11a68a0b8c0c","Complete","Complete","Live","SE 18-80 NAT REP W7","Cint","2024-02-12 08:40:09","2024-02-12 08:45:40",""
"a74b7c1f-b0c5-94bc-edd6-486088d1d3f9","Complete","Complete","Live","SE 18-80 NAT REP W7","Cint","2024-02-12 08:40:09","2024-02-12 08:50:48",""
"82b3c192-1c83-29bc-155b-f598f8a26600","Complete","Complete","Live","SE 18-80 NAT REP W7","Cint","2024-02-12 08:40:02","2024-02-12 08:50:48",""
"76173527-0a9b-ddd3-b1ee-013cc0f271b4","QualityTerminate","QualityTerminate","Live","SE 18-80 NAT REP W7","Cint","2024-02-12 08:40:02","2024-02-12 08:42:21",""
"27d96ae1-e43e-81aa-7f28-5ef2e0399e72","TimedOut","TimedOut","Live","SE 18-80 NAT REP W7","Cint","2024-02-12 08:39:48","2024-02-12 09:50:46",""
"3d6f38b2-d291-d223-c97b-0c44c484a921","QualityTerminate","QualityTerminate","Live","SE 18-80 NAT REP W7","Cint","2024-02-12 08:39:47","2024-02-12 16:10:51",""
"a980bbfd-8fd5-50e5-2634-8fabbd3df460","Complete","Complete","Live","SE 18-80 NAT REP W7","Cint","2024-02-12 08:39:46","2024-02-12 08:50:48",""
"696e088e-007b-edd5-c847-3c459e7c7a1a","QualityTerminate","QualityTerminate","Live","SE 18-80 NAT REP W7","Cint","2024-02-12 08:39:40","2024-02-12 08:42:21",""
"f397486f-0b49-acbc-31a6-7cbcac517186","Complete","Complete","Live","SE 18-80 NAT REP W7","Cint","2024-02-12 08:39:33","2024-02-12 08:45:40",""
"f57e21e7-0919-c587-d82e-155555016374","QualityTerminate","QualityTerminate","Live","SE 18-80 NAT REP W7","Cint","2024-02-12 08:39:29","2024-02-12 08:42:21",""
"305cd354-5b23-34bd-fa9d-e777553b10c7","Complete","Complete","Live","SE 18-80 NAT REP W7","Cint","2024-02-12 08:39:26","2024-02-12 08:50:48",""
"4dba0c1c-488c-e86f-1cd5-389172952dff","Complete","Complete","Live","SE 18-80 NAT REP W7","Cint","2024-02-12 08:39:25","2024-02-12 08:45:40",""
"dcd97408-4c78-93ff-7fc1-40f26768269b","QualityTerminate","QualityTerminate","Live","SE 18-80 NAT REP W7","Cint","2024-02-12 08:39:25","2024-02-12 16:10:49",""
"7ba72061-9c8b-c7a5-01a8-148c2f9fff89","Complete","Complete","Live","SE 18-80 NAT REP W7","Cint","2024-02-12 08:39:25","2024-02-12 08:45:40",""
"bed0dd78-35ca-3aef-76b1-e9fb45ce3fa9","Complete","Complete","Live","SE 18-80 NAT REP W7","Cint","2024-02-12 08:39:22","2024-02-12 08:50:48",""
"acf16c6e-c308-8b49-57a7-58dacfeba688","Complete","Complete","Live","SE 18-80 NAT REP W7","Cint","2024-02-12 08:39:21","2024-02-12 10:30:30",""
"097a8954-ccb5-6e51-dc9d-bd5100a5a6c6","Complete","Complete","Live","SE 18-80 NAT REP W7","Cint","2024-02-12 08:39:21","2024-02-12 08:50:48",""
"29b58138-ffc4-662c-13f1-b59ebfe5bdab","Complete","Complete","Live","SE 18-80 NAT REP W7","Cint","2024-02-12 08:39:19","2024-02-12 08:55:39",""
"6346500a-fe37-b768-e0c3-646d8fd29f99","QualityTerminate","QualityTerminate","Live","SE 18-80 NAT REP W7","Cint","2024-02-12 08:39:15","2024-02-12 16:10:52",""
"7c492800-ff02-cf56-efc9-1c62a6199593","Complete","Complete","Live","SE 18-80 NAT REP W7","Cint","2024-02-12 08:39:14","2024-02-12 08:55:39",""
"5407c197-6134-26e4-a15e-f52c4b35647a","Complete","Complete","Live","SE 18-80 NAT REP W7","Cint","2024-02-12 08:39:12","2024-02-12 08:45:40",""
"46520ea3-41d1-e9ed-f46a-3a7986c42254","Complete","Complete","Live","SE 18-80 NAT REP W7","Cint","2024-02-12 08:39:10","2024-02-12 08:50:48",""
"198e7ba3-0380-9da5-286a-4fa58b9a783a","Complete","Complete","Live","SE 18-80 NAT REP W7","Cint","2024-02-12 08:39:03","2024-02-12 08:50:48",""
"5aca2472-3394-c20f-6cbb-10e1d38e50a6","QualityTerminate","QualityTerminate","Live","SE 18-80 NAT REP W7","Cint","2024-02-12 08:38:57","2024-02-12 16:10:49",""
"8e1f3cc7-a06d-da8f-b90e-0834b474da54","Complete","Complete","Live","SE 18-80 NAT REP W7","Cint","2024-02-12 08:38:56","2024-02-12 08:45:40",""
"710b267d-a585-c4c5-adb4-1220b59c2087","Complete","Complete","Live","SE 18-80 NAT REP W7","Cint","2024-02-12 08:38:56","2024-02-12 08:50:48",""
"e17b980e-3a9e-7a05-ddc7-ac50d680789a","TimedOut","TimedOut","Live","SE 18-80 NAT REP W7","Cint","2024-02-12 08:38:54","2024-02-12 09:50:46",""
"a98a41df-6f3f-5d1e-2c16-75a1e022654c","Complete","Complete","Live","SE 18-80 NAT REP W7","Cint","2024-02-12 08:38:51","2024-02-12 09:00:32",""
"3eef2a90-7fb5-3520-4959-1ec4e6a91e03","QualityTerminate","QualityTerminate","Live","SE 18-80 NAT REP W7","Cint","2024-02-12 08:38:50","2024-02-12 16:10:49",""
"1f489810-1c16-84da-eed9-ac632f0b75e2","Complete","Complete","Live","SE 18-80 NAT REP W7","Cint","2024-02-12 08:38:50","2024-02-12 08:50:48",""
"0af6db7b-29e8-c4e3-50b2-efdda0f453e8","Complete","Complete","Live","SE 18-80 NAT REP W7","Cint","2024-02-12 08:38:49","2024-02-12 08:45:39",""
"9a687083-1c20-6c1e-ce4a-444373317610","QualityTerminate","QualityTerminate","Live","SE 18-80 NAT REP W7","Cint","2024-02-12 08:38:48","2024-02-12 08:40:17",""
"968b7594-9572-6a42-2d5d-41a0a46eef76","Complete","Complete","Live","SE 18-80 NAT REP W7","Cint","2024-02-12 08:38:47","2024-02-12 08:45:39",""
"cf92fcf2-8733-e5a7-343b-c8b91628ec61","Complete","Complete","Live","SE 18-80 NAT REP W7","Cint","2024-02-12 08:38:46","2024-02-12 08:50:48",""
"96bc184f-131b-07d6-1a86-2c97730769dc","Complete","Complete","Live","SE 18-80 NAT REP W7","Cint","2024-02-12 08:38:45","2024-02-12 08:50:48",""
"c2bc7088-95af-6b6a-1a41-44976cb7161b","QualityTerminate","QualityTerminate","Live","SE 18-80 NAT REP W7","Cint","2024-02-12 08:38:39","2024-02-12 16:10:49",""
"cedaaee5-9d47-ba18-7c2c-9af1c340d67e","QualityTerminate","QualityTerminate","Live","SE 18-80 NAT REP W7","Cint","2024-02-12 08:38:37","2024-02-12 16:10:51",""
"563f5632-224c-4369-99fb-6214a1a958da","Complete","Complete","Live","SE 18-80 NAT REP W7","Cint","2024-02-12 08:38:34","2024-02-12 08:50:48",""
"7bb69cae-729b-8e4b-1067-a89dd28a383b","Complete","Complete","Live","SE 18-80 NAT REP W7","Cint","2024-02-12 08:38:28","2024-02-12 08:50:48",""
"5082134f-0b43-0165-2486-27a9202c49d2","Complete","Complete","Live","SE 18-80 NAT REP W7","Cint","2024-02-12 08:38:26","2024-02-12 08:50:48",""
"16b78f00-a6d9-9de1-11c9-bb9c3fb6c4e3","Complete","Complete","Live","SE 18-80 NAT REP W7","Cint","2024-02-12 08:38:25","2024-02-12 08:45:39",""
"466881d2-3424-8e10-ce1b-b543082d4d46","Complete","Complete","Live","SE 18-80 NAT REP W7","Cint","2024-02-12 08:38:21","2024-02-12 08:45:39",""
"d5f80d3d-b55e-0249-5ef4-39d3d533cfa9","Complete","Complete","Live","SE 18-80 NAT REP W7","Cint","2024-02-12 08:38:18","2024-02-12 08:55:39",""
"614cc74b-441c-cf85-ea82-f3671b6f05a5","QualityTerminate","QualityTerminate","Live","SE 18-80 NAT REP W7","Cint","2024-02-12 08:37:53","2024-02-12 16:10:50",""
"a0230a34-4e27-0237-85fd-3e082f1334ec","Complete","Complete","Live","SE 18-80 NAT REP W7","Cint","2024-02-12 08:37:51","2024-02-12 08:45:39",""
"4f417ecd-1834-7546-e704-4a6a48437a5e","QualityTerminate","QualityTerminate","Live","SE 18-80 NAT REP W7","Cint","2024-02-12 08:37:46","2024-02-12 16:10:52",""
"6a7e5c55-29c0-57c7-d89c-6855723443cc","QualityTerminate","QualityTerminate","Live","SE 18-80 NAT REP W7","Cint","2024-02-12 08:37:45","2024-02-12 16:10:50",""
"9fb9d703-c41f-dc4d-1fca-e3924d68bf90","QualityTerminate","QualityTerminate","Live","SE 18-80 NAT REP W7","Cint","2024-02-12 08:37:31","2024-02-12 16:10:50",""
"36b1b58f-3e1a-bf98-1746-819a952c4519","QualityTerminate","QualityTerminate","Live","SE 18-80 NAT REP W7","Cint","2024-02-12 08:37:26","2024-02-12 16:10:50",""
"df8096a1-f0f4-9cd5-2668-a2abdbf39246","Complete","Complete","Live","SE 18-80 NAT REP W7","Cint","2024-02-12 08:37:25","2024-02-12 08:45:39",""
"3397de6d-b0eb-cafe-fba7-eabcacfcfc88","Complete","Complete","Live","SE 18-80 NAT REP W6 V2","Cint","2024-02-07 12:03:11","2024-02-07 12:10:21",""
"b73f95ec-14ed-fdfb-5326-a114d478280f","Complete","Complete","Live","SE 18-80 NAT REP W6 V2","Cint","2024-02-07 11:56:14","2024-02-07 12:05:19",""
"a29f3722-5ea6-5c9c-f3e8-03b46822d6ca","Complete","Complete","Live","SE 18-80 NAT REP W6 V2","Cint","2024-02-07 11:56:11","2024-02-07 12:05:19",""
"51753437-a497-a7ff-1afd-005e111f0cd6","Complete","Complete","Live","SE 18-80 NAT REP W6 V2","Cint","2024-02-07 11:54:22","2024-02-07 12:05:19",""
"ecb4f862-c5da-6bad-dba8-cc9fdf556db1","Complete","Complete","Live","SE 18-80 NAT REP W6 V2","Cint","2024-02-07 11:54:21","2024-02-07 12:00:21",""
"9035979a-e572-1ce5-5a50-a31e1bf74d77","Complete","Complete","Live","SE 18-80 NAT REP W6 V2","Cint","2024-02-07 11:54:14","2024-02-07 12:00:21",""
"c0a6cd69-8ee7-773b-c9a3-f98d3c41b681","Complete","Complete","Live","SE 18-80 NAT REP W6 V2","Cint","2024-02-07 11:53:14","2024-02-07 12:00:21",""
"fbc72c3a-cad4-9b9e-a8f0-18ec1d1cfaae","Complete","Complete","Live","SE 18-80 NAT REP W6 V2","Cint","2024-02-07 11:53:01","2024-02-07 12:00:21",""
"79aad082-e843-7ccc-c548-e481a50f644d","TimedOut","New","Live","SE 18-80 NAT REP W6 V2","Cint","2024-02-07 11:52:35","2024-02-07 13:05:24",""
"f7581880-3d38-b176-374a-2c73839a8d13","Complete","Complete","Live","SE 18-80 NAT REP W6 V2","Cint","2024-02-07 11:52:25","2024-02-07 12:25:21",""
"9ca8adaa-5bb1-60ad-c760-99831798f07f","Complete","Complete","Live","SE 18-80 NAT REP W6 V2","Cint","2024-02-07 11:52:20","2024-02-07 12:00:21",""
"155a98c3-5088-3d08-3509-ac7152d16d54","QualityTerminate","QualityTerminate","Live","SE 18-80 NAT REP W6 V2","Cint","2024-02-07 11:52:06","2024-02-07 11:55:15",""
"3b994bd3-b382-86e4-f619-7fb2784d8f48","Complete","Complete","Live","SE 18-80 NAT REP W6 V2","Cint","2024-02-07 11:51:58","2024-02-07 11:55:15",""
"88c2e4ef-ea88-2d1c-ad25-d0e91742d200","QualityTerminate","QualityTerminate","Live","SE 18-80 NAT REP W6 V2","Cint","2024-02-07 11:51:22","2024-02-07 11:55:15",""
"7a3ce062-3485-28f8-53a8-d4179c4e0cf1","Complete","Complete","Live","SE 18-80 NAT REP W6 V2","Cint","2024-02-07 11:51:08","2024-02-07 11:55:15",""
"238d2d6e-9f32-e59b-e2a4-19a6ba19b2f8","Complete","Complete","Live","SE 18-80 NAT REP W6 V2","Cint","2024-02-07 11:51:06","2024-02-07 11:55:15",""
"d2035a33-bad9-8ae1-29f9-6e28ae914da4","Complete","Complete","Live","SE 18-80 NAT REP W6","Cint","2024-02-06 17:24:48","2024-02-06 17:35:22",""
"f3413a8b-3b69-2e02-6b41-0e6a667ecd66","Complete","Complete","Live","SE 18-80 NAT REP W6","Cint","2024-02-06 17:19:00","2024-02-06 17:25:19",""
"5d001db0-8dec-ef33-d57b-292bd2e17b59","Complete","Complete","Live","SE 18-80 NAT REP W6","Cint","2024-02-06 17:02:11","2024-02-06 17:10:18",""
"aa16a61f-12f0-461f-c3d4-923d20f0e58a","Complete","Complete","Live","SE 18-80 NAT REP W6","Cint","2024-02-06 17:01:12","2024-02-06 17:10:18",""
"111ea8bd-f6db-a51b-cb76-9c353bf4012e","QualityTerminate","QualityTerminate","Live","SE 18-80 NAT REP W6","Cint","2024-02-06 16:59:44","2024-02-07 11:50:04",""
"b92e0279-b815-0e3d-fbb2-360579f94f8d","Complete","Complete","Live","SE 18-80 NAT REP W6","Cint","2024-02-06 16:59:26","2024-02-06 17:30:20",""
"9c9595fd-6f5d-9b11-4036-a1be022e9969","Complete","Complete","Live","SE 18-80 NAT REP W6","Cint","2024-02-06 16:59:13","2024-02-06 17:15:18",""
"d7ae80b5-a7d9-8ead-7b7e-b485ffa85626","TimedOut","New","Live","SE 18-80 NAT REP W6","Cint","2024-02-06 16:59:06","2024-02-06 18:05:18",""
"5b7a466b-9851-481e-afa0-7251aabb6f98","Complete","Complete","Live","SE 18-80 NAT REP W6","Cint","2024-02-06 16:59:06","2024-02-06 17:10:18",""
"93c1fce8-bb54-f298-1423-c8ea91674d72","QualityTerminate","QualityTerminate","Live","SE 18-80 NAT REP W6","Cint","2024-02-06 16:59:03","2024-02-06 17:00:22",""
"13a75294-7ad6-5b49-725f-668c3ed38c7e","Complete","Complete","Live","SE 18-80 NAT REP W6","Cint","2024-02-06 16:58:58","2024-02-06 17:05:25",""
"875c1235-a80b-1bb3-89fe-267785f85fd6","TimedOut","New","Live","SE 18-80 NAT REP W6","Cint","2024-02-06 16:58:58","2024-02-06 18:05:18",""
"8b52fe6f-89af-f73c-87a4-ca7974cc7cf7","Complete","Complete","Live","SE 18-80 NAT REP W6","Cint","2024-02-06 16:58:51","2024-02-06 17:05:25",""
"01142e96-933b-27de-c15d-1a3fc3d0667b","QualityTerminate","QualityTerminate","Live","SE 18-80 NAT REP W6","Cint","2024-02-06 16:58:51","2024-02-07 11:50:04",""
"e5d936b2-13d7-3e0b-0c79-02f214d4e54e","Complete","Complete","Live","SE 18-80 NAT REP W6","Cint","2024-02-06 16:58:50","2024-02-06 17:05:25",""
"b2da2804-231c-20b1-0fcf-1cf18738d2e2","Complete","Complete","Live","SE 18-80 NAT REP W6","Cint","2024-02-06 16:58:48","2024-02-06 17:05:25",""
"f5dff44c-1967-fce9-0a87-c0f4c487eea8","TimedOut","New","Live","SE 18-80 NAT REP W6","Cint","2024-02-06 16:58:46","2024-02-06 18:05:18",""
"5feb707f-79a4-7882-3eb4-44c056c18f9d","Complete","Complete","Live","SE 18-80 NAT REP W6","Cint","2024-02-06 16:58:46","2024-02-06 17:30:20",""
"b46fc21d-3ac5-caee-bad6-f644abcdc38e","Complete","Complete","Live","SE 18-80 NAT REP W6","Cint","2024-02-06 16:58:45","2024-02-06 17:10:18",""
"3a4a1f62-d168-174a-9fa9-2b614e4324f1","QualityTerminate","QualityTerminate","Live","SE 18-80 NAT REP W6","Cint","2024-02-06 16:58:41","2024-02-06 17:00:21",""
"6f49eaaa-84ec-e2b2-9c61-de621de46d3e","Complete","Complete","Live","SE 18-80 NAT REP W6","Cint","2024-02-06 16:58:41","2024-02-06 17:05:25",""
"44c68b5d-3e75-837b-1396-bfed345cc8c9","Complete","Complete","Live","SE 18-80 NAT REP W6","Cint","2024-02-06 16:58:40","2024-02-06 17:10:18",""
"dac0cdc4-8cb0-c5fe-150f-f9eb9c9b7b57","TimedOut","New","Live","SE 18-80 NAT REP W6","Cint","2024-02-06 16:58:40","2024-02-06 18:05:18",""
"b1924465-f271-4c1a-47ae-70b98255058d","Complete","Complete","Live","SE 18-80 NAT REP W6","Cint","2024-02-06 16:58:40","2024-02-06 17:05:25",""
"c916d86a-2d23-d06b-c3a1-ec3d4813dbff","Complete","Complete","Live","SE 18-80 NAT REP W6","Cint","2024-02-06 16:58:39","2024-02-06 17:10:18",""
"6a8eadd5-8d40-a5ca-5b1e-99a5c9747b4b","TimedOut","New","Live","SE 18-80 NAT REP W6","Cint","2024-02-06 16:58:39","2024-02-06 18:05:18",""
"0d51d04e-1641-d85e-8485-e47a7fa2e3d4","TimedOut","New","Live","SE 18-80 NAT REP W6","Cint","2024-02-06 16:58:39","2024-02-06 18:05:18",""
"7309277e-b07b-2f67-dcb5-1322160e4196","TimedOut","New","Live","SE 18-80 NAT REP W6","Cint","2024-02-06 16:58:38","2024-02-06 18:05:18",""
"5dd5e086-2e3b-e8f4-004d-d4fe5d4bd81a","Complete","Complete","Live","SE 18-80 NAT REP W6","Cint","2024-02-06 16:58:37","2024-02-06 17:05:25",""
"1aa6a63c-a24e-ae73-73f7-928dd97a54af","Complete","Complete","Live","SE 18-80 NAT REP W6","Cint","2024-02-06 16:58:37","2024-02-06 17:05:25",""
"b7230588-d160-0dc9-f643-31087e64261c","Complete","Complete","Live","SE 18-80 NAT REP W6","Cint","2024-02-06 16:58:37","2024-02-06 17:05:25",""
"cd63c8b4-b359-c0f4-b67f-fc481fbd4429","Complete","Complete","Live","SE 18-80 NAT REP W6","Cint","2024-02-06 16:58:37","2024-02-06 17:10:18",""
"4761e210-24de-ea58-b4db-d64a85eadd86","Complete","Complete","Live","SE 18-80 NAT REP W6","Cint","2024-02-06 16:58:36","2024-02-06 17:10:18",""
"06593225-d07f-3a45-8cee-0672e40b21d5","TimedOut","New","Live","SE 18-80 NAT REP W6","Cint","2024-02-06 16:58:36","2024-02-06 18:05:18",""
"36a47e31-e8f4-7672-71fa-4a8ff9041fa2","Complete","Complete","Live","SE 18-80 NAT REP W6","Cint","2024-02-06 16:58:36","2024-02-06 17:05:25",""
"5a703739-00f2-3cad-a5f2-035becf6f6d2","Complete","Complete","Live","SE 18-80 NAT REP W6","Cint","2024-02-06 16:58:35","2024-02-06 17:05:25",""
"c12ed0d0-1bb2-db61-fb1b-e4053cb2e243","Complete","Complete","Live","SE 18-80 NAT REP W6","Cint","2024-02-06 16:58:34","2024-02-06 17:05:25",""
"f8221237-8f21-1a72-f7fc-2609cd0166a2","Complete","Complete","Live","SE 18-80 NAT REP W6","Cint","2024-02-06 16:58:34","2024-02-06 17:10:18",""
"0f735f43-b7bf-54e3-a688-6b58e3bb41d7","Complete","Complete","Live","SE 18-80 NAT REP W6","Cint","2024-02-06 16:58:33","2024-02-06 17:15:18",""
"c109a948-1e12-a28e-dc83-9d22f123e8a8","Complete","Complete","Live","SE 18-80 NAT REP W6","Cint","2024-02-06 16:58:32","2024-02-06 17:05:25",""
"690eb6f6-f72c-bd3c-db3d-822539db0612","Complete","Complete","Live","SE 18-80 NAT REP W6","Cint","2024-02-06 16:58:32","2024-02-06 17:05:25",""
"81c18446-1d23-8fb1-148d-b0ea1a2beba5","Complete","Complete","Live","SE 18-80 NAT REP W6","Cint","2024-02-06 16:58:32","2024-02-06 17:05:25",""
"d68a23f1-57a4-2831-5f3a-17a19caca165","Complete","Complete","Live","SE 18-80 NAT REP W6","Cint","2024-02-06 16:58:32","2024-02-06 17:05:25",""
"8ecdbe12-c654-b529-18d9-8ae6c96330e1","Complete","Complete","Live","SE 18-80 NAT REP W6","Cint","2024-02-06 16:58:31","2024-02-06 17:05:25",""
"d51567e2-bc9f-6cd0-c029-533e6da84a71","QualityTerminate","QualityTerminate","Live","SE 18-80 NAT REP W6","Cint","2024-02-06 16:58:30","2024-02-06 17:00:20",""
"cc55e9a7-8557-e2ba-806c-dd7ee17f7334","Complete","Complete","Live","SE 18-80 NAT REP W6","Cint","2024-02-06 16:58:29","2024-02-06 17:05:25",""
"23165a34-a2e6-511a-c3ff-6e3d5fd254dc","Complete","Complete","Live","SE 18-80 NAT REP W6","Cint","2024-02-06 16:58:29","2024-02-06 17:10:18",""
"dbd93b45-a272-3056-0c8e-0ff2440757a1","QualityTerminate","QualityTerminate","Live","SE 18-80 NAT REP W6","Cint","2024-02-06 16:58:28","2024-02-07 11:50:04",""
"7c8dfbe7-ccf7-f0d3-582c-cfa63a003d72","TimedOut","New","Live","SE 18-80 NAT REP W6","Cint","2024-02-06 16:58:28","2024-02-06 18:05:18",""
"ba9a6a6c-e315-6164-4fa7-5eb1ba3c1288","Complete","Complete","Live","SE 18-80 NAT REP W6","Cint","2024-02-06 16:58:28","2024-02-06 17:10:18",""
"8b26af5c-8e27-a426-f397-9b0dbbd079ae","QualityTerminate","QualityTerminate","Live","SE 18-80 NAT REP W6","Cint","2024-02-06 16:58:27","2024-02-07 11:50:04",""
"5aa30ea9-6ebb-05c5-7662-3a88a49e983a","TimedOut","TimedOut","Live","SE 18-80 NAT REP W6","Cint","2024-02-06 16:58:26","2024-02-06 18:05:19",""
"35e3133b-4b5e-183c-36f0-27c8be2bbca8","Complete","Complete","Live","SE 18-80 NAT REP W6","Cint","2024-02-06 16:58:25","2024-02-06 17:05:25",""
"2eae978a-929d-9cc2-7b41-a385ea6a6515","Complete","Complete","Live","SE 18-80 NAT REP W6","Cint","2024-02-06 16:58:24","2024-02-06 17:05:25",""
"3138a7c3-a813-ad69-ed08-931397345e50","Complete","Complete","Live","SE 18-80 NAT REP W6","Cint","2024-02-06 16:58:18","2024-02-06 17:05:25",""
"74ce342e-e9f7-3ef2-1be5-00e5d8f61fb5","Complete","Complete","Live","SE 18-80 NAT REP W6","Cint","2024-02-06 16:58:12","2024-02-06 17:05:25",""
"de99fae4-9fdd-f0dd-4c2f-ceb297d46877","Complete","Complete","Live","SE 18-80 NAT REP W6","Cint","2024-02-06 16:58:12","2024-02-06 17:10:18",""
"a4af0da6-6555-07d7-7a6d-398435239235","QualityTerminate","QualityTerminate","Live","SE 18-80 NAT REP W6","Cint","2024-02-06 16:58:09","2024-02-06 17:00:19",""
"cef86761-4808-6d31-2daa-53d3343ebff5","Complete","Complete","Live","SE 18-80 NAT REP W6","Cint","2024-02-06 16:58:07","2024-02-06 17:25:19",""
"c99b7493-90a1-7327-4e58-40b00dc16607","Complete","Complete","Live","SE 18-80 NAT REP W6","Cint","2024-02-06 16:57:55","2024-02-06 17:05:25",""
"067978b6-f038-4ec0-ac7d-4c52f4520125","Complete","Complete","Live","SE 18-80 NAT REP W6","Cint","2024-02-06 16:57:38","2024-02-06 17:05:25",""
"e800f5ef-f85b-c620-d524-c12bab7b0e7b","Complete","Complete","Live","SE 18-80 NAT REP W6","Cint","2024-02-06 16:57:35","2024-02-06 17:05:25",""
"1727d789-24b4-fb47-f242-e30c4598d11a","Complete","Complete","Live","SE 18-80 NAT REP W6","Cint","2024-02-06 16:57:27","2024-02-06 17:05:25",""
"e6e69aaf-df4e-a9e3-3364-aecdd802293a","TimedOut","TimedOut","Live","SE 18-80 NAT REP W6","Cint","2024-02-06 16:57:26","2024-02-06 18:05:19",""
"1cf6303e-51e2-0292-23f5-04ddc0ada7dc","Complete","Complete","Live","SE 18-80 NAT REP W6","Cint","2024-02-06 16:57:22","2024-02-06 17:10:18",""
"f5753ef2-bca1-12c3-a039-0a5eac6e4d67","Complete","Complete","Live","SE 18-80 NAT REP W6","Cint","2024-02-06 16:57:18","2024-02-06 17:05:25",""
"46697bc5-17ba-49b6-bc0e-4f42d9d4e150","Complete","Complete","Live","SE 18-80 NAT REP W6","Cint","2024-02-06 16:57:12","2024-02-06 17:05:25",""
"7ae52926-0e2d-1b5b-30ed-1dce7bc2fbe3","Complete","Complete","Live","SE 18-80 NAT REP W6","Cint","2024-02-06 16:57:09","2024-02-06 17:05:25",""
"a63bf266-bec9-dfd6-eead-c6107a0747ab","Complete","Complete","Live","SE 18-80 NAT REP W6","Cint","2024-02-06 16:57:05","2024-02-06 17:05:25",""
"174962eb-abd7-4f6f-9c20-56629f195c26","TimedOut","TimedOut","Live","SE 18-80 NAT REP W6","Cint","2024-02-06 16:57:02","2024-02-06 18:05:19",""
"5d0c062d-fe14-2a87-d9e6-3227fbd909b9","TimedOut","TimedOut","Live","SE 18-80 NAT REP W6","Cint","2024-02-06 16:57:01","2024-02-06 18:05:19",""
"7ad9b287-c040-9e78-0c4c-86f2f90d3655","Complete","Complete","Live","SE 18-80 NAT REP W6","Cint","2024-02-06 16:56:44","2024-02-06 17:05:25",""
"e1eaff95-ede7-d10c-3f5e-cbc174341806","QualityTerminate","QualityTerminate","Live","SE 18-80 NAT REP W6","Cint","2024-02-06 16:56:43","2024-02-06 17:00:15",""
"43363960-1439-157e-e3ab-0d1defd9e3f3","Complete","Complete","Live","SE 18-80 NAT REP W6","Cint","2024-02-06 16:56:41","2024-02-06 17:05:25",""
"df381f04-3021-3312-edcf-2b13bbedc7f6","Complete","Complete","Live","SE 18-80 NAT REP W6","Cint","2024-02-06 16:56:38","2024-02-06 17:05:25",""
"0e4eb490-6f3e-9beb-9b5b-806589ed9e0f","Complete","Complete","Live","SE 18-80 NAT REP W6","Cint","2024-02-06 16:56:36","2024-02-06 17:05:25",""
"849e3d6d-0c22-12f8-4ba6-09b525eefbfe","Complete","Complete","Live","SE 18-80 NAT REP W6","Cint","2024-02-06 16:56:32","2024-02-06 17:05:25",""
"a61cd072-3d2a-ffed-c9b9-e4373566cbe4","Complete","Complete","Live","SE 18-80 NAT REP W6","Cint","2024-02-06 16:56:29","2024-02-06 17:05:25",""
"937c3def-aacb-12d9-a924-0957a9875c1e","Complete","Complete","Live","SE 18-80 NAT REP W6","Cint","2024-02-06 16:56:21","2024-02-06 17:00:15",""
"b653c23e-c6d2-ed41-86f5-f6783d113faa","Complete","Complete","Live","SE 18-80 NAT REP W6","Cint","2024-02-06 16:56:19","2024-02-06 17:05:25",""
"d9d0218b-1918-0efa-0540-15fbe8c8e818","Complete","Complete","Live","SE 18-80 NAT REP W6","Cint","2024-02-06 16:56:16","2024-02-06 17:05:25",""
"48af07b1-ebf4-293b-7a7a-3384dcb91d25","Complete","Complete","Live","SE 18-80 NAT REP W6","Cint","2024-02-06 16:56:08","2024-02-06 17:05:25",""
"ecc934d0-dbc2-1a1a-1c1b-00e2ba892d43","Complete","Complete","Live","SE 18-80 NAT REP W6","Cint","2024-02-06 16:56:08","2024-02-06 17:00:15",""
"84d57d57-a80c-585b-009c-49fe9a4b61c4","Complete","Complete","Live","SE 18-80 NAT REP W6","Cint","2024-02-06 16:55:46","2024-02-06 17:00:15",""
"d6a551ba-da4b-74d7-7071-658ec79d2f2f","Complete","Complete","Live","SE 18-80 NAT REP W6","Cint","2024-02-06 16:55:46","2024-02-06 17:05:25",""
"9b2c4697-3a99-63d0-f95c-720750cecc58","Complete","Complete","Live","SE 18-80 NAT REP W6","Cint","2024-02-06 16:55:41","2024-02-06 17:10:18",""
"5734ead4-5c81-ce7f-e11f-de1fb0d6ab4d","Complete","Complete","Live","SE 18-80 NAT REP W6","Cint","2024-02-06 16:55:40","2024-02-06 17:05:25",""
"f3c255cc-1618-726a-1707-61e9c748e113","Complete","Complete","Live","SE 18-80 NAT REP W6","Cint","2024-02-06 16:55:21","2024-02-06 17:00:15",""
"b44537e2-3136-10a7-9029-036e71efc603","Complete","Complete","Live","SE 18-80 NAT REP W6","Cint","2024-02-06 16:55:11","2024-02-06 17:05:25",""
"b7aa386b-26b9-180c-7fa0-0c819c65d1f8","Complete","Complete","Live","SE 18-80 NAT REP W6","Cint","2024-02-06 16:55:04","2024-02-06 17:00:27",""
"24288a09-ea43-aa5c-fdc2-be03dd1f1c9e","Complete","Complete","Live","SE 18-80 NAT REP W6","Cint","2024-02-06 16:55:03","2024-02-06 17:05:25",""
"09a804b2-86e9-24e5-7d79-3083eab57021","Complete","Complete","Live","SE 18-80 NAT REP W6","Cint","2024-02-06 16:55:02","2024-02-06 17:10:18",""
"3a90cf7c-45f4-ec9c-45b7-fbbb922cbcef","Complete","Complete","Live","SE 18-80 NAT REP W6","Cint","2024-02-06 16:54:54","2024-02-06 17:00:27",""
"5af5fa93-0d12-d9f8-2058-cede4d4dfb0a","TimedOut","TimedOut","Live","SE 18-80 NAT REP W6","Cint","2024-02-06 16:54:44","2024-02-06 18:05:19",""
"e8400539-2cbf-278b-95f2-316b1460dbac","Complete","Complete","Live","SE 18-80 NAT REP W6","Cint","2024-02-06 16:54:40","2024-02-06 17:05:25",""
"5acb4a2a-837f-68b6-1ee1-7ee0f2a274b9","Complete","Complete","Live","SE 18-80 NAT REP W6","Cint","2024-02-06 16:54:38","2024-02-06 17:00:27",""
"8f8e2a3c-a843-08bd-5bf7-1ea58e1d5faf","Complete","Complete","Live","SE 18-80 NAT REP W6","Cint","2024-02-06 16:54:38","2024-02-06 17:00:27",""
"56d4ee67-6e44-cce7-01ac-daff549b99f4","QualityTerminate","QualityTerminate","Live","SE 18-80 NAT REP W6","Cint","2024-02-06 16:54:37","2024-02-07 11:50:05",""
"ca58fe9f-dc63-dc7d-8d54-ca7366be2b7d","Complete","Complete","Live","SE 18-80 NAT REP W6","Cint","2024-02-06 16:54:33","2024-02-06 17:00:27",""
"f93bfe22-6f4d-dc21-eee9-ca10f69398b1","Complete","Complete","Live","SE 18-80 NAT REP W6","Cint","2024-02-06 16:54:28","2024-02-06 17:00:27",""
"dbd056d5-0561-0b70-051e-62fb0ebffc46","Complete","Complete","Live","SE 18-80 NAT REP W6","Cint","2024-02-06 16:54:27","2024-02-06 17:00:27",""
"aafcf990-9141-dbf8-295b-cdd7529f7804","QualityTerminate","QualityTerminate","Live","SE 18-80 NAT REP W6","Cint","2024-02-06 16:54:25","2024-02-06 16:57:19",""
"1f91d410-bf2a-89aa-44db-e0badf7449c5","Complete","Complete","Live","SE 18-80 NAT REP W6","Cint","2024-02-06 16:54:20","2024-02-06 17:05:25",""
"9d0f6815-460b-35a9-dade-5c245555b780","Complete","Complete","Live","SE 18-80 NAT REP W6","Cint","2024-02-06 16:54:20","2024-02-06 17:05:25",""
"baea418d-ebbd-1c5c-3f46-75c1e3e31d1e","Complete","Complete","Live","SE 18-80 NAT REP W6","Cint","2024-02-06 16:54:16","2024-02-06 17:00:27",""
"e44bd514-5c85-8860-9edf-e16014d4a9e2","Complete","Complete","Live","SE 18-80 NAT REP W6","Cint","2024-02-06 16:54:06","2024-02-06 17:00:27",""
"f9902221-39f6-7f76-45ea-16bbdaafcfcf","Complete","Complete","Live","SE 18-80 NAT REP W6","Cint","2024-02-06 16:54:04","2024-02-06 17:00:27",""
"4e326d26-baae-31d3-e7ed-5919cff14cda","Complete","Complete","Live","SE 18-80 NAT REP W6","Cint","2024-02-06 16:54:04","2024-02-06 17:00:27",""
"02417fe8-e396-23c5-9423-4b6a5fd6157c","QualityTerminate","QualityTerminate","Live","SE 18-80 NAT REP W6","Cint","2024-02-06 16:53:58","2024-02-07 11:50:05",""
"cc2e52ca-2b9f-0e27-fb01-6605d1c0dd5c","QualityTerminate","QualityTerminate","Live","SE 18-80 NAT REP W6","Cint","2024-02-06 16:53:58","2024-02-06 16:55:15",""
"1fb0bec5-9a82-e22e-650e-8a9ba85b6d1e","Complete","Complete","Live","SE 18-80 NAT REP W6","Cint","2024-02-06 16:53:57","2024-02-06 17:00:27",""
"4a3f9a44-dfa1-c671-ea8f-ae140f7e28d8","TimedOut","TimedOut","Live","SE 18-80 NAT REP W6","Cint","2024-02-06 16:53:54","2024-02-06 18:05:19",""
"e0ad6999-9f25-3605-7852-5d864e7d6877","Complete","Complete","Live","SE 18-80 NAT REP W6","Cint","2024-02-06 16:53:49","2024-02-06 17:00:27",""